account_no,security_name,account_type,balance,created_at,user_id
25129677-595,하나증권,IRP,7267,2014-03-13,2
235720-830758,KB증권,IRP,54,2011-03-27,2
4008-2360,키움증권,IRP,7981,2010-06-25,2
230-71-279292,신한투자증권,IRP,972,2015-06-24,2
49316297-836,하나증권,종합,86665,2020-12-20,2
5354-7736,키움증권,종합,8242122,2013-12-02,3
69879837-63,한국투자증권,IRP,47676448,2021-01-06,5
02373826-37,한국투자증권,DC,736,2018-07-30,5
863-96-651283,신한투자증권,종합,84436506,2010-08-25,6
699–4097–2968-5,미래에셋대우,DC,55,2016-08-29,6
93232136-295,하나증권,DB,7770,2014-05-18,6
231993-867199,KB증권,종합,25881272,2012-11-14,7
01167029-137,하나증권,종합,71252,2014-02-02,7
55176786-814,하나증권,종합,4591,2018-11-27,7
9931-8374,키움증권,종합,89611,2011-02-10,7
91182812-209,하나증권,IRP,432,2016-03-24,7
352-63-044077,신한투자증권,종합,3091,2011-05-28,8
125-20-018452,신한투자증권,IRP,22430008,2013-03-13,8
9667-9971,키움증권,종합,689,2015-09-17,8
562–8321–0989-3,미래에셋대우,종합,4365,2023-01-27,8
184-36-446637,신한투자증권,종합,7005918,2023-09-19,8
350–8719–3147-6,미래에셋대우,종합,140,2014-09-01,9
1153-4298,키움증권,DC,5597,2012-10-25,9
47646559-174,하나증권,종합,91537,2019-11-17,9
06275886-03,한국투자증권,종합,191,2022-10-14,9
719385-894569,KB증권,IRP,7557,2020-04-13,10
21233074-982,하나증권,종합,71154099,2022-09-13,10
60035526-57,한국투자증권,IRP,7724361,2017-11-12,10
9300-2542,키움증권,IRP,80545,2022-06-05,11
015-87-741911,신한투자증권,DB,9973,2010-02-06,11
0343-4625,키움증권,DB,834,2014-12-24,11
969963-624062,KB증권,종합,236171,2023-02-13,11
4546-5316,키움증권,종합,370801,2013-01-06,11
78445365-349,하나증권,IRP,12007723,2013-10-01,13
29739358-897,하나증권,종합,89301,2010-09-24,13
355587-824737,KB증권,DB,69453,2018-02-23,13
27177661-14,한국투자증권,DB,9122,2021-08-08,13
457–1494–0267-6,미래에셋대우,DB,5213952,2019-12-23,15
906840-364420,KB증권,DB,307,2015-09-15,15
287–6687–6121-4,미래에셋대우,DB,1483064,2016-03-14,17
752–1267–4281-1,미래에셋대우,종합,2668,2023-09-20,17
110-23-630835,신한투자증권,DB,5862395,2011-08-21,17
3595-1573,키움증권,종합,90282,2010-07-02,17
79825161-85,한국투자증권,DB,66347535,2021-07-09,18
176–2732–9331-1,미래에셋대우,IRP,237,2021-04-20,18
96447423-08,한국투자증권,IRP,176905,2010-09-15,19
44447146-187,하나증권,DC,8834,2011-03-29,21
901–1073–0397-9,미래에셋대우,종합,492,2014-12-25,21
375–0690–9868-9,미래에셋대우,DC,12357,2011-08-15,21
5086-8132,키움증권,DB,613,2024-01-09,21
7223-8822,키움증권,DB,2647,2017-08-09,22
86532979-13,한국투자증권,DC,981871,2011-09-28,22
956-65-465028,신한투자증권,DC,7809383,2012-02-12,22
505–9870–6272-5,미래에셋대우,IRP,7601,2012-05-24,22
147-46-926332,신한투자증권,IRP,15233422,2023-06-05,23
535175-006138,KB증권,IRP,72982584,2015-08-10,24
70325339-638,하나증권,DC,7041,2013-02-11,24
248–8062–6494-2,미래에셋대우,IRP,4313589,2010-02-13,24
8116-5787,키움증권,DC,3847,2015-07-19,24
898-11-715439,신한투자증권,DB,39645,2016-06-04,24
92518861-536,하나증권,종합,5404,2024-03-14,25
986-27-660389,신한투자증권,IRP,52268,2014-01-19,25
4833-0055,키움증권,DC,9382,2024-02-05,25
4378-2795,키움증권,IRP,626912,2012-11-18,25
7977-4895,키움증권,종합,59276254,2020-05-15,26
057177-785186,KB증권,종합,389518,2010-09-08,26
0626-2624,키움증권,IRP,84386,2022-02-09,28
9652-7015,키움증권,종합,647,2014-05-25,29
190–2633–6205-0,미래에셋대우,IRP,8045,2023-01-08,29
345221-335934,KB증권,IRP,164576,2011-11-26,30
86392216-60,한국투자증권,DC,78600709,2013-10-20,30
2184-9670,키움증권,DC,68,2019-11-03,30
18296934-099,하나증권,DB,875,2019-06-29,30
0654-8904,키움증권,DB,495202,2016-07-08,30
3215-6393,키움증권,DB,1048,2017-06-10,31
365–9198–0015-4,미래에셋대우,DC,65030911,2014-09-19,31
4895-5581,키움증권,종합,61951706,2015-02-01,31
416227-994243,KB증권,DC,8075,2017-11-12,33
480-30-333809,신한투자증권,종합,21120,2021-03-02,33
73343563-058,하나증권,DB,70686188,2023-01-03,33
86753447-06,한국투자증권,종합,66,2013-04-21,33
621673-673522,KB증권,IRP,43326229,2014-08-23,34
78529483-44,한국투자증권,종합,45273438,2022-09-27,36
3798-8817,키움증권,IRP,35630371,2018-08-23,36
76573514-730,하나증권,종합,73288915,2016-10-12,36
60693865-09,한국투자증권,종합,8953397,2022-11-09,37
373282-117191,KB증권,DC,941867,2018-02-05,37
32179418-056,하나증권,IRP,5694,2012-02-09,37
694-37-182774,신한투자증권,DC,8644,2010-10-03,38
790–4243–4953-2,미래에셋대우,종합,1933,2012-03-25,39
459–9083–1949-7,미래에셋대우,DB,26643203,2013-10-16,39
124281-326338,KB증권,DC,80493006,2015-09-21,39
029-41-556747,신한투자증권,IRP,654125,2012-10-31,41
389–0705–9923-8,미래에셋대우,IRP,1510,2018-04-18,41
271-26-260768,신한투자증권,종합,399,2018-01-03,41
8480-7459,키움증권,종합,7964684,2010-10-17,41
357–9954–1972-4,미래에셋대우,종합,95329,2016-09-28,41
21027222-335,하나증권,종합,230855,2012-05-14,42
440–2737–3732-9,미래에셋대우,IRP,31947389,2022-01-11,42
38673885-38,한국투자증권,DC,1271,2011-10-09,42
666–9916–0037-7,미래에셋대우,종합,89554,2022-08-23,42
005-14-498113,신한투자증권,IRP,773389,2020-11-13,42
779–7836–0102-1,미래에셋대우,IRP,5934,2022-02-02,43
974-06-379210,신한투자증권,IRP,76027524,2020-12-30,45
794-23-035836,신한투자증권,종합,4008160,2016-07-21,45
808–8199–9176-0,미래에셋대우,IRP,97710705,2023-02-21,45
14394334-462,하나증권,IRP,7908576,2011-11-09,45
364223-020823,KB증권,종합,39096992,2012-11-28,45
37563387-11,한국투자증권,종합,5593,2014-11-11,47
06143721-099,하나증권,IRP,14756460,2021-01-12,47
532-21-090762,신한투자증권,IRP,40043279,2013-01-08,47
706-80-042454,신한투자증권,IRP,96795,2019-07-02,47
31843368-465,하나증권,종합,8625,2023-11-03,48
865–2221–8948-1,미래에셋대우,종합,34030,2015-02-24,48
820226-385342,KB증권,종합,930134,2015-11-16,48
602093-294947,KB증권,IRP,32687910,2018-02-03,49
04225914-63,한국투자증권,DC,1598296,2012-03-16,50
54512425-09,한국투자증권,DC,11101,2014-10-19,50
405-79-113430,신한투자증권,IRP,72236,2021-08-12,50
880-75-105745,신한투자증권,IRP,49423275,2015-07-19,50
615–6024–9493-4,미래에셋대우,IRP,610146,2021-07-06,51
975-04-776987,신한투자증권,종합,2755,2019-01-06,51
122-20-939201,신한투자증권,IRP,30489,2010-05-16,51
14909997-75,한국투자증권,IRP,37113,2018-11-05,51
709–2015–9478-2,미래에셋대우,DB,458,2018-01-14,51
80596785-262,하나증권,IRP,666864,2023-02-06,52
09656286-41,한국투자증권,종합,70005,2021-09-06,52
869-08-936273,신한투자증권,종합,72754,2019-09-10,52
145979-931421,KB증권,종합,16682209,2015-01-10,53
601807-667632,KB증권,IRP,75206803,2014-12-28,53
48323716-20,한국투자증권,종합,286976,2016-11-24,53
5575-7467,키움증권,종합,22436,2010-08-09,54
406–0108–6271-3,미래에셋대우,종합,3808,2014-08-30,55
340-88-306805,신한투자증권,IRP,4598,2012-06-25,56
452–5072–0886-1,미래에셋대우,IRP,6664,2021-04-06,56
4997-7015,키움증권,DC,7421,2024-06-10,57
45732095-476,하나증권,종합,118,2013-03-27,57
630-07-547492,신한투자증권,IRP,97548,2022-10-30,57
22994316-00,한국투자증권,IRP,58228,2012-05-29,58
271-21-238996,신한투자증권,IRP,1087778,2012-06-13,58
81428145-58,한국투자증권,종합,16557,2023-06-29,58
73122705-411,하나증권,DB,385,2021-03-01,61
620-69-196475,신한투자증권,DB,76922,2010-01-20,61
43188995-715,하나증권,DB,2888,2019-03-21,61
989–2611–3525-1,미래에셋대우,DC,48927,2020-01-09,61
205–5331–1785-9,미래에셋대우,IRP,975967,2021-10-30,61
734–4005–2292-1,미래에셋대우,DC,71777,2011-03-02,62
936939-993002,KB증권,DB,6880,2023-03-30,62
21312073-427,하나증권,IRP,8683382,2019-01-05,62
93672354-228,하나증권,종합,106,2011-11-11,64
14685876-823,하나증권,IRP,4575,2010-08-10,64
246996-432360,KB증권,IRP,46307,2017-06-24,64
244221-631765,KB증권,종합,66122,2023-05-23,64
69736784-623,하나증권,DC,307,2011-10-08,65
095–0151–9208-0,미래에셋대우,종합,73247,2018-08-04,65
08376139-511,하나증권,종합,42161,2012-09-17,65
012–0415–7264-6,미래에셋대우,DB,1384,2022-02-23,65
549791-477974,KB증권,DB,8827,2020-10-18,65
982313-924393,KB증권,종합,18517,2015-07-01,66
129-56-801294,신한투자증권,IRP,5885,2012-06-10,66
741–8841–6669-5,미래에셋대우,종합,500158,2010-06-23,66
3800-5619,키움증권,IRP,9672599,2015-09-06,66
0363-0435,키움증권,DC,7185866,2016-01-03,67
887-57-043405,신한투자증권,DC,65404159,2021-06-14,68
6545-3013,키움증권,DC,75920,2022-01-27,68
9226-8744,키움증권,DB,337022,2018-06-22,68
77657991-31,한국투자증권,종합,590,2024-03-25,69
037–6982–5425-2,미래에셋대우,종합,479,2015-11-30,70
80667969-05,한국투자증권,종합,9683931,2017-10-24,70
582-07-993607,신한투자증권,DC,35855284,2015-07-26,72
8150-7704,키움증권,DB,2476,2010-06-03,72
8376-2813,키움증권,IRP,4328,2014-10-06,73
88020664-28,한국투자증권,DC,3288,2010-12-22,73
932912-751043,KB증권,종합,2363668,2017-04-29,75
22307609-44,한국투자증권,DB,7817554,2015-12-12,75
159007-322083,KB증권,IRP,123,2017-11-19,75
120-01-677685,신한투자증권,종합,539236,2023-06-25,76
758-10-961519,신한투자증권,종합,7041201,2013-10-27,76
899–4193–3690-5,미래에셋대우,IRP,5333,2021-08-17,76
763691-126050,KB증권,종합,86824388,2014-11-16,77
42393350-99,한국투자증권,IRP,694,2022-09-02,77
020311-496729,KB증권,IRP,148,2017-10-25,77
124–0930–8448-4,미래에셋대우,IRP,36513,2014-03-31,77
603–1960–7103-1,미래에셋대우,종합,399,2020-11-27,77
5993-7091,키움증권,IRP,695077,2015-07-07,78
259517-428809,KB증권,종합,37560,2018-04-25,78
2751-1171,키움증권,종합,78372,2018-08-27,78
927-04-287479,신한투자증권,DB,4920979,2010-08-16,80
281-96-286019,신한투자증권,IRP,47270,2022-01-15,81
60909497-805,하나증권,DB,5927,2012-11-15,81
30265088-30,한국투자증권,IRP,30558350,2014-01-31,83
44350100-96,한국투자증권,종합,9021,2010-08-21,84
0069-0207,키움증권,IRP,454,2022-11-19,84
547-96-990197,신한투자증권,종합,9084797,2010-07-30,85
366-41-435712,신한투자증권,종합,98692208,2023-10-03,85
9195-4191,키움증권,IRP,42106,2013-09-27,85
091516-456453,KB증권,IRP,69963314,2012-09-05,85
99546275-11,한국투자증권,IRP,71767,2015-03-05,85
489-72-229610,신한투자증권,DB,98408,2012-03-07,86
3434-1848,키움증권,IRP,48463,2017-07-19,86
80211459-64,한국투자증권,DC,53340276,2020-04-12,86
092–1787–1106-3,미래에셋대우,종합,8377,2021-04-25,86
083492-288398,KB증권,DB,468755,2015-07-16,87
27260469-950,하나증권,DC,37902649,2011-01-20,87
41171877-80,한국투자증권,DB,985957,2021-08-30,87
2439-9131,키움증권,종합,442289,2010-02-07,87
641-26-306904,신한투자증권,종합,3910421,2011-09-25,87
1680-1632,키움증권,DC,208,2010-02-14,88
466-45-509807,신한투자증권,IRP,55,2015-03-31,89
85005738-24,한국투자증권,IRP,8265784,2022-09-19,89
29104941-95,한국투자증권,IRP,9400,2019-05-30,89
88964146-502,하나증권,종합,42566,2016-09-25,91
35967223-626,하나증권,종합,269,2017-12-29,91
2353-2411,키움증권,IRP,71631857,2012-02-13,92
56350641-15,한국투자증권,IRP,118,2012-01-01,92
307782-878880,KB증권,DB,320,2017-12-07,92
751–0674–3749-3,미래에셋대우,종합,48688599,2018-07-27,93
58000010-73,한국투자증권,DB,48118,2019-10-08,93
7018-6962,키움증권,DB,669232,2020-03-17,93
858-09-172815,신한투자증권,종합,762823,2018-09-26,93
36779182-139,하나증권,IRP,5610,2017-01-22,94
244–3731–9546-1,미래에셋대우,DC,934024,2013-12-30,94
91763491-88,한국투자증권,IRP,66841,2022-03-02,94
941348-199285,KB증권,DC,96520016,2018-02-06,96
87110278-040,하나증권,DB,5639880,2013-07-25,96
700–4796–6416-1,미래에셋대우,종합,7480617,2012-07-08,96
909–1984–8664-5,미래에셋대우,IRP,802,2014-01-30,97
7956-2976,키움증권,IRP,68,2010-06-09,97
078–4096–2542-7,미래에셋대우,IRP,63593944,2021-04-22,97
628-84-219333,신한투자증권,DC,15567829,2023-09-17,97
015-37-868273,신한투자증권,종합,631427,2020-06-26,98
156–9677–3386-0,미래에셋대우,DB,21833,2013-09-04,98
21762818-62,한국투자증권,종합,395588,2010-02-11,98
10147790-77,한국투자증권,DC,4448949,2019-10-11,98
416390-318912,KB증권,IRP,2757,2012-11-22,98
95266979-58,한국투자증권,종합,23516124,2019-08-25,99
497-79-481818,신한투자증권,종합,7446232,2022-06-30,99
544-39-489513,신한투자증권,종합,8850961,2021-06-15,99
044961-978299,KB증권,IRP,10130069,2011-03-03,99
250–3976–7745-2,미래에셋대우,IRP,5540858,2019-12-11,100
3649-8618,키움증권,IRP,2492,2010-02-17,100
253–0438–5223-1,미래에셋대우,DC,72980,2023-08-05,100
25633982-468,하나증권,DB,4344,2022-10-11,100
7294-7868,키움증권,DC,35505527,2012-12-17,101
6934-1139,키움증권,DC,69985188,2017-10-21,101
77928677-030,하나증권,DC,7680707,2023-06-14,102
9271-2143,키움증권,DB,73215,2012-03-21,102
72481549-32,한국투자증권,종합,146355,2016-01-18,102
5866-7914,키움증권,DC,21404,2021-10-30,102
9750-2366,키움증권,IRP,137265,2020-08-04,103
35278556-416,하나증권,종합,15640,2018-10-01,103
72817895-78,한국투자증권,종합,313,2011-05-20,103
6134-8260,키움증권,DB,5838,2016-09-29,103
19570427-61,한국투자증권,DB,45879777,2010-11-01,104
62441012-95,한국투자증권,DB,2376,2010-09-01,104
306-44-788899,신한투자증권,종합,30598917,2022-03-30,104
04786625-909,하나증권,DC,49676,2023-04-18,105
383524-881209,KB증권,종합,1298626,2022-06-10,106
58060623-55,한국투자증권,종합,249934,2022-11-14,106
315-75-909111,신한투자증권,종합,316643,2021-10-08,107
2650-3802,키움증권,종합,282252,2016-01-13,107
700–7083–6061-5,미래에셋대우,종합,96691023,2022-09-10,107
707-06-670577,신한투자증권,DC,291372,2011-09-09,108
839-23-828521,신한투자증권,DB,620879,2024-04-12,108
53645403-00,한국투자증권,DC,5201919,2019-06-12,108
20682617-05,한국투자증권,DC,99,2023-09-27,109
740–1165–2435-4,미래에셋대우,DC,4414046,2022-10-25,109
0303-9109,키움증권,종합,27008,2022-06-18,109
056–1027–4474-3,미래에셋대우,IRP,6258613,2022-03-22,111
69940390-265,하나증권,DC,671161,2023-10-07,112
900–4924–0452-8,미래에셋대우,DB,31435055,2023-06-24,112
458-66-048596,신한투자증권,IRP,9092739,2017-06-27,112
026-01-021802,신한투자증권,IRP,1433,2013-08-08,113
190–3600–1671-0,미래에셋대우,IRP,64621688,2015-09-07,113
11158880-932,하나증권,종합,26224090,2020-11-28,113
249-46-117445,신한투자증권,종합,7602474,2015-07-29,113
6145-7411,키움증권,IRP,46724567,2020-10-20,114
84714210-94,한국투자증권,IRP,243,2018-08-09,114
25516338-81,한국투자증권,IRP,7872717,2017-01-27,114
28320714-517,하나증권,IRP,9015,2014-02-16,114
903827-599704,KB증권,IRP,6410,2024-05-10,115
794463-544498,KB증권,IRP,67577,2017-02-06,115
346–2511–0236-0,미래에셋대우,종합,611,2014-01-13,115
860677-355912,KB증권,IRP,61526,2023-04-05,115
541-19-468083,신한투자증권,종합,554,2021-11-11,115
241-28-213672,신한투자증권,IRP,680,2017-02-21,116
840793-927913,KB증권,DB,9696,2021-11-02,116
59859971-89,한국투자증권,DB,9823501,2015-04-09,116
2534-3021,키움증권,IRP,73825040,2015-06-08,117
592900-925553,KB증권,IRP,136,2013-05-16,118
418–0611–3406-4,미래에셋대우,IRP,638740,2022-10-05,118
374–9320–7439-8,미래에셋대우,DC,5742,2014-11-16,118
9292-8478,키움증권,종합,799224,2018-11-12,119
4293-3000,키움증권,DB,4880822,2020-04-21,119
168–6643–1594-3,미래에셋대우,IRP,235398,2011-01-24,120
91631617-44,한국투자증권,종합,93185171,2021-06-27,122
608005-007793,KB증권,DC,52201385,2022-02-05,122
400806-738750,KB증권,종합,9979,2016-10-01,122
9216-9188,키움증권,DC,221449,2014-04-21,123
57703722-844,하나증권,종합,7388,2015-03-08,123
65647747-78,한국투자증권,IRP,93622,2013-03-01,123
22601010-07,한국투자증권,IRP,9204399,2016-10-20,123
9310-2574,키움증권,DC,1697,2020-05-21,123
119-35-022940,신한투자증권,IRP,9325009,2019-05-18,124
6484-2736,키움증권,IRP,490692,2015-11-27,125
276766-469489,KB증권,DC,18920776,2022-01-29,125
997–7686–9929-8,미래에셋대우,종합,66735617,2020-09-26,126
1232-6001,키움증권,종합,94511,2015-01-20,126
45066823-188,하나증권,IRP,40889,2016-08-08,126
36030052-24,한국투자증권,IRP,87025339,2011-02-18,126
57453691-384,하나증권,IRP,577,2011-08-07,126
556290-782177,KB증권,종합,5250041,2024-05-03,127
8206-0953,키움증권,IRP,53379,2018-06-08,127
5601-4717,키움증권,IRP,2110,2019-04-05,127
99686668-30,한국투자증권,IRP,7492,2022-08-22,127
7328-8383,키움증권,DC,6451,2015-04-01,128
371–0950–3262-3,미래에셋대우,DC,65357,2016-03-19,129
81999842-58,한국투자증권,종합,51838039,2024-02-08,129
46044137-197,하나증권,DB,57764876,2014-08-04,129
639-88-974791,신한투자증권,IRP,842,2020-04-25,130
449-36-583547,신한투자증권,DC,4940,2015-08-19,130
234383-793053,KB증권,IRP,416,2011-12-09,130
21972261-77,한국투자증권,DC,73245282,2022-03-20,131
546539-300908,KB증권,DB,854050,2019-08-15,131
0080-8432,키움증권,IRP,86025554,2010-12-22,131
92917054-10,한국투자증권,종합,512,2015-09-19,132
21982667-352,하나증권,DC,2180170,2013-10-21,132
852-18-831177,신한투자증권,DB,810,2020-11-26,132
789-60-751229,신한투자증권,DC,6198,2024-03-18,132
345826-708036,KB증권,DC,2125,2013-02-06,132
196–3126–6137-6,미래에셋대우,IRP,775,2018-09-09,133
83008780-767,하나증권,종합,881533,2021-09-17,133
602–3194–4722-4,미래에셋대우,DB,5803,2020-10-21,133
64729240-98,한국투자증권,IRP,43619,2023-10-12,133
44887696-82,한국투자증권,DB,441208,2014-07-31,134
435-56-352463,신한투자증권,DC,1173720,2011-09-01,134
935–1451–2545-4,미래에셋대우,DC,683,2021-02-22,134
841547-591835,KB증권,DC,291016,2022-05-20,134
767674-458974,KB증권,DB,49275,2013-10-22,134
780-22-410359,신한투자증권,IRP,3189,2022-05-20,136
41863502-49,한국투자증권,종합,73895,2023-09-10,136
590-33-232369,신한투자증권,IRP,934611,2011-06-23,136
05014884-62,한국투자증권,IRP,9233662,2012-01-24,136
565–9049–7951-6,미래에셋대우,IRP,44336,2020-11-17,137
194358-544073,KB증권,DC,55301346,2011-09-01,137
207–7617–5277-7,미래에셋대우,IRP,57379,2011-12-02,138
61550345-21,한국투자증권,DB,614,2011-06-01,138
838314-692137,KB증권,종합,898114,2011-04-27,139
32959455-992,하나증권,IRP,777,2012-09-18,139
55936753-07,한국투자증권,DC,293,2016-03-22,139
651639-225834,KB증권,IRP,46624721,2020-03-07,139
922-83-065312,신한투자증권,종합,892,2013-06-12,141
37875371-207,하나증권,IRP,501569,2010-02-14,141
341–7669–0156-0,미래에셋대우,IRP,615,2022-10-10,141
33218844-38,한국투자증권,IRP,6527,2015-03-20,141
503-26-176979,신한투자증권,종합,5389,2023-03-09,141
379838-972893,KB증권,IRP,8675,2020-11-09,142
5744-0125,키움증권,IRP,2663,2022-06-10,142
826-09-513084,신한투자증권,IRP,388,2019-06-16,142
265905-985777,KB증권,IRP,816,2021-09-28,143
6886-2629,키움증권,IRP,6335729,2018-03-23,143
1787-6521,키움증권,종합,6688,2023-12-01,144
61377941-723,하나증권,IRP,307456,2020-09-23,144
93518844-893,하나증권,DB,3422,2018-08-22,145
76690231-791,하나증권,DB,2977,2010-08-31,145
114-54-676040,신한투자증권,DC,4167845,2018-01-17,148
90542495-945,하나증권,IRP,6290,2010-02-01,148
060900-438114,KB증권,DB,260376,2010-06-20,148
26118039-624,하나증권,종합,352,2023-09-06,148
7101-6501,키움증권,종합,8852196,2011-06-08,148
658–1202–9184-8,미래에셋대우,IRP,38948686,2010-02-06,149
765–1037–0720-9,미래에셋대우,IRP,3773535,2012-01-20,150
446-18-547257,신한투자증권,종합,715931,2014-08-17,150
6523-2431,키움증권,종합,27320,2023-02-06,150
28068905-05,한국투자증권,DB,623,2011-08-08,150
8022-8467,키움증권,DC,6925,2021-10-07,152
1132-9572,키움증권,DC,81312,2010-04-07,152
37616231-79,한국투자증권,IRP,96944,2013-10-23,152
94912359-080,하나증권,종합,9001,2015-05-22,152
256835-098321,KB증권,IRP,80298,2019-12-02,153
5060-7352,키움증권,DB,69130,2017-08-28,153
71890585-02,한국투자증권,DC,381255,2017-03-11,153
161-57-895975,신한투자증권,DB,19301,2014-12-24,153
6907-2128,키움증권,DB,35203,2024-03-13,153
13772543-60,한국투자증권,DC,229,2018-02-04,155
95112494-92,한국투자증권,IRP,8416161,2017-11-19,155
32425876-882,하나증권,종합,900039,2022-04-29,156
957606-261441,KB증권,IRP,637,2022-12-09,156
068554-764931,KB증권,IRP,575656,2018-07-31,156
58770203-51,한국투자증권,종합,423276,2019-01-15,156
49348855-95,한국투자증권,IRP,141,2019-09-15,158
270232-578103,KB증권,IRP,905686,2022-07-02,158
721-96-486275,신한투자증권,종합,57900008,2021-08-26,158
944–3598–2550-0,미래에셋대우,IRP,66214,2017-01-26,158
033600-280125,KB증권,IRP,485,2018-02-11,158
11929801-04,한국투자증권,종합,3167184,2023-01-09,159
037–4299–3003-8,미래에셋대우,DC,88305626,2017-01-22,159
695–8007–2025-2,미래에셋대우,DC,868,2017-10-12,159
9696-1417,키움증권,DB,480265,2011-09-08,160
358-46-409260,신한투자증권,DB,1321,2023-02-09,160
11684466-25,한국투자증권,DB,5300451,2014-08-19,160
62153886-738,하나증권,IRP,141735,2010-03-02,160
3592-5373,키움증권,DB,75400,2019-12-31,160
624-14-061950,신한투자증권,DB,994,2022-11-01,161
5868-3191,키움증권,DB,47815255,2012-04-18,161
433191-625222,KB증권,IRP,43825188,2023-01-24,161
212525-894683,KB증권,DC,951,2023-04-28,161
3692-4297,키움증권,DC,44780972,2019-12-14,161
988718-074278,KB증권,IRP,2717,2013-07-21,162
436–4521–1695-4,미래에셋대우,IRP,68773,2012-11-06,162
03733449-05,한국투자증권,종합,2000623,2012-04-08,162
924425-126548,KB증권,종합,4005,2024-01-30,162
90300518-16,한국투자증권,IRP,79491618,2011-05-27,162
55738339-248,하나증권,IRP,28642,2010-11-27,163
827227-745190,KB증권,DB,4663,2015-02-06,163
889–7440–6259-1,미래에셋대우,DC,2958171,2017-01-21,163
09157354-29,한국투자증권,DC,41354,2022-08-29,163
500997-002208,KB증권,DB,3777,2014-01-14,163
20520613-673,하나증권,DC,59540,2018-09-10,164
611977-053922,KB증권,종합,75254851,2016-05-04,164
287694-006381,KB증권,DC,829,2023-03-16,164
44940276-692,하나증권,DC,780500,2021-09-21,164
49801424-34,한국투자증권,IRP,5310,2023-02-17,165
359-86-019653,신한투자증권,종합,407,2012-10-19,165
63684092-64,한국투자증권,IRP,1197635,2017-10-01,166
68747522-196,하나증권,DC,922551,2015-03-21,166
833–2848–8054-7,미래에셋대우,DB,725686,2021-05-31,166
24315858-488,하나증권,DC,335,2024-01-14,166
077–9419–7196-5,미래에셋대우,종합,2981,2010-08-05,167
50901884-154,하나증권,종합,4139,2023-12-18,169
54986895-890,하나증권,IRP,820583,2023-05-04,169
858328-177307,KB증권,종합,38397,2012-08-06,170
17038329-23,한국투자증권,DC,9366382,2024-01-06,170
465–5873–5766-3,미래에셋대우,종합,8731046,2012-07-17,170
420085-661975,KB증권,DC,94336425,2019-02-25,170
66983203-516,하나증권,DC,8414,2020-06-04,171
943-44-271558,신한투자증권,DB,2119,2019-04-29,171
257–6075–8438-5,미래에셋대우,DC,805,2023-10-08,171
080-88-861218,신한투자증권,IRP,572133,2014-04-02,171
500931-051536,KB증권,IRP,98334,2012-07-04,171
098176-925887,KB증권,IRP,106411,2020-04-10,173
4387-5235,키움증권,종합,488819,2010-01-01,173
098425-572739,KB증권,종합,231762,2013-05-30,173
160–1048–1429-2,미래에셋대우,IRP,60068,2019-12-28,173
724977-270793,KB증권,종합,6188492,2020-05-06,173
9034-8909,키움증권,DC,88290288,2015-01-08,175
018475-885599,KB증권,종합,81136,2023-08-31,176
74672915-317,하나증권,IRP,20648030,2019-11-22,176
244-35-325816,신한투자증권,종합,246,2021-01-07,176
62380504-802,하나증권,종합,63887998,2018-02-09,176
6784-3729,키움증권,종합,3080,2013-07-04,176
948880-122494,KB증권,DB,1749,2022-04-09,177
947-27-757179,신한투자증권,종합,30841,2011-02-16,177
18242596-303,하나증권,DC,593,2017-06-20,177
879–6537–3395-9,미래에셋대우,IRP,2858469,2011-09-25,177
4756-7903,키움증권,DC,873588,2011-06-21,177
380–6921–3279-7,미래에셋대우,종합,665,2017-12-23,178
245094-921679,KB증권,종합,34923416,2021-02-22,179
906-53-899499,신한투자증권,DB,5421,2010-03-15,179
32349681-91,한국투자증권,DC,27541619,2016-08-09,179
431–8114–9252-1,미래에셋대우,종합,8771526,2010-07-18,179
461–1760–0555-9,미래에셋대우,종합,2953,2014-09-26,179
02544489-24,한국투자증권,DB,941,2019-01-30,182
168-17-097458,신한투자증권,DB,962368,2018-07-23,183
06141965-589,하나증권,DC,4460429,2015-08-14,183
874–2803–6164-0,미래에셋대우,DB,3212,2017-01-15,183
1061-1433,키움증권,IRP,978,2015-06-02,184
23089154-83,한국투자증권,종합,8678,2016-02-05,184
93576216-65,한국투자증권,종합,4373952,2022-11-18,184
748–1450–6538-8,미래에셋대우,종합,9294065,2015-12-14,184
83903637-272,하나증권,종합,309,2019-04-28,184
33160982-830,하나증권,종합,823,2024-04-11,185
830646-493086,KB증권,DC,4916829,2021-10-06,186
8128-1453,키움증권,DB,1184866,2011-09-01,186
649456-581888,KB증권,DC,992002,2012-11-13,186
9682-5743,키움증권,종합,270,2018-05-26,186
32527268-129,하나증권,IRP,20174,2012-11-12,187
902586-179071,KB증권,종합,31654433,2012-09-15,187
525-54-367003,신한투자증권,IRP,1680904,2022-12-05,187
541–3132–0225-2,미래에셋대우,종합,909136,2024-05-05,187
787–2064–1450-1,미래에셋대우,종합,2370,2010-12-10,187
1400-3329,키움증권,IRP,7771965,2014-06-09,188
526–4982–0130-1,미래에셋대우,IRP,671985,2019-10-08,188
97308216-723,하나증권,DC,5825413,2024-06-08,188
88316447-41,한국투자증권,DB,191054,2023-12-17,188
412-75-037169,신한투자증권,IRP,60188918,2012-03-18,188
19115633-608,하나증권,종합,25602,2021-09-03,189
59136542-261,하나증권,종합,3145388,2022-10-14,189
285-52-339020,신한투자증권,종합,9158053,2017-04-08,189
65234069-61,한국투자증권,IRP,3464216,2013-01-19,190
663-99-640333,신한투자증권,종합,927,2022-10-27,191
961–4121–8827-7,미래에셋대우,IRP,704,2014-10-04,191
876011-745290,KB증권,종합,849537,2023-05-26,192
111-73-976946,신한투자증권,종합,4261,2024-03-06,192
163990-515643,KB증권,IRP,859,2024-05-11,192
853–6154–3898-5,미래에셋대우,IRP,8265,2014-06-01,192
542-24-809860,신한투자증권,IRP,53342,2012-10-01,193
194–0738–4208-9,미래에셋대우,IRP,19410,2010-05-04,193
565010-766640,KB증권,IRP,54147239,2017-06-17,193
9807-8795,키움증권,종합,1344,2010-10-30,193
402-27-380980,신한투자증권,IRP,4680,2021-08-23,193
791-37-394070,신한투자증권,DC,12008,2013-12-07,194
3536-3120,키움증권,IRP,399,2015-11-02,194
4756-7624,키움증권,IRP,54929892,2012-11-05,194
022–0704–3376-7,미래에셋대우,DB,55862,2024-01-03,194
416257-975923,KB증권,DB,38019665,2012-05-02,194
271608-274369,KB증권,종합,61826231,2018-07-26,195
339494-950350,KB증권,IRP,3114088,2023-03-06,195
25820658-789,하나증권,종합,4561669,2020-09-24,195
669–6108–3331-5,미래에셋대우,종합,667,2013-11-02,195
2559-3347,키움증권,IRP,9492797,2021-11-07,195
045058-734381,KB증권,IRP,5687,2014-06-09,196
997317-011669,KB증권,종합,8703,2015-05-19,196
957–3012–5720-7,미래에셋대우,종합,3156,2021-02-10,196
4714-8806,키움증권,IRP,7186163,2018-10-23,197
214154-622370,KB증권,종합,19440398,2012-08-05,197
632375-428679,KB증권,IRP,963,2010-11-22,198
237439-130647,KB증권,종합,8290,2022-05-21,198
668-67-619272,신한투자증권,종합,389,2010-03-07,198
787357-133049,KB증권,종합,396,2023-02-26,198
17791390-285,하나증권,DC,475479,2010-12-06,199
310–7609–5128-8,미래에셋대우,종합,357261,2014-10-17,199
2075-4004,키움증권,DB,695943,2010-05-17,200
21323484-639,하나증권,DC,6524234,2016-12-31,200
466-19-144958,신한투자증권,DC,44006,2015-06-20,200
780785-935960,KB증권,종합,349493,2015-11-20,200
11688193-96,한국투자증권,DC,8966,2012-02-15,200
090560-973563,KB증권,종합,20139134,2024-02-06,201
456-19-145134,신한투자증권,DB,986619,2021-08-10,201
797–8832–6230-1,미래에셋대우,DC,801,2017-10-14,201
277–9206–3753-1,미래에셋대우,DB,3524793,2016-11-11,201
98225420-75,한국투자증권,DB,2072,2023-10-27,202
00594065-78,한국투자증권,IRP,8903,2011-05-17,202
1372-3925,키움증권,IRP,74839890,2015-10-16,204
77104574-44,한국투자증권,IRP,25127692,2022-11-10,204
831-73-478157,신한투자증권,DB,34962,2021-12-12,205
5877-8627,키움증권,IRP,85786,2014-07-12,205
32939048-531,하나증권,DC,3323,2016-11-09,205
110–3582–8826-2,미래에셋대우,DC,368,2023-03-09,205
618–3336–2937-3,미래에셋대우,IRP,3992,2017-11-15,207
5283-5937,키움증권,종합,86447795,2014-08-04,207
0372-8394,키움증권,종합,825519,2023-08-12,207
209-55-320679,신한투자증권,IRP,1623,2014-09-24,208
2802-9928,키움증권,DB,51694,2020-01-02,209
315752-290695,KB증권,DB,490,2023-12-06,209
647-97-272197,신한투자증권,IRP,983435,2015-08-17,209
1541-8941,키움증권,종합,7637053,2024-01-21,209
98806970-48,한국투자증권,DB,4413995,2011-12-27,210
91194168-046,하나증권,종합,14655049,2024-05-20,210
20802797-416,하나증권,DC,15410290,2018-01-04,211
7057-9657,키움증권,DB,4916170,2014-06-17,211
836332-038054,KB증권,DB,8490094,2020-11-23,211
252-91-175889,신한투자증권,종합,43711418,2020-05-07,211
37259327-018,하나증권,종합,49194,2019-10-04,211
336-39-353073,신한투자증권,종합,54676,2010-06-23,212
423-57-633886,신한투자증권,IRP,21679733,2010-02-03,212
205–5492–5385-3,미래에셋대우,IRP,86943337,2015-02-19,213
07868173-591,하나증권,DB,530,2021-06-11,213
351487-717069,KB증권,DB,885183,2012-09-10,213
544–1128–6222-4,미래에셋대우,IRP,7398178,2010-11-11,214
139-64-075145,신한투자증권,종합,7757,2021-04-08,214
426–6012–2857-8,미래에셋대우,DC,8496,2011-03-23,214
8007-0722,키움증권,종합,4735,2015-02-05,215
31224040-11,한국투자증권,종합,34670,2011-06-05,215
40405218-76,한국투자증권,IRP,3938,2013-10-20,215
9120-1673,키움증권,IRP,6703737,2011-07-17,215
74503954-279,하나증권,DB,992,2019-01-10,216
974-62-643786,신한투자증권,IRP,137,2017-09-28,216
377-81-712364,신한투자증권,IRP,264418,2011-01-23,216
44091270-21,한국투자증권,IRP,9610,2010-12-20,218
1147-7226,키움증권,IRP,1790,2020-04-05,218
164178-606887,KB증권,IRP,5242,2016-09-13,218
29460992-82,한국투자증권,종합,162632,2011-03-02,218
546–7271–9563-4,미래에셋대우,DB,20907,2013-07-11,219
1310-7903,키움증권,종합,6546,2017-04-25,219
26638587-087,하나증권,종합,24135350,2011-12-21,219
07532321-168,하나증권,IRP,253455,2022-09-26,219
241-84-312030,신한투자증권,DC,30,2019-07-23,219
6033-1280,키움증권,IRP,787,2021-02-13,220
56842876-12,한국투자증권,DB,485,2018-01-25,220
855961-203492,KB증권,종합,427,2011-09-22,221
94788506-61,한국투자증권,종합,8720,2013-03-30,221
386160-657670,KB증권,DB,183201,2012-07-13,221
746673-394586,KB증권,종합,608683,2023-03-11,223
807–7413–4523-9,미래에셋대우,DB,891,2015-10-28,223
360–6880–0688-6,미래에셋대우,종합,9404149,2011-02-06,223
611540-208606,KB증권,종합,8853,2019-09-24,225
565–7440–0690-9,미래에셋대우,IRP,8052924,2014-05-22,225
281–0077–4181-9,미래에셋대우,IRP,896,2016-10-31,225
14599064-157,하나증권,IRP,868,2020-11-25,225
5528-8893,키움증권,종합,66837973,2016-12-13,226
145–3254–9074-4,미래에셋대우,IRP,95978,2014-03-23,227
18356749-362,하나증권,종합,36747,2014-12-23,227
23249341-35,한국투자증권,종합,707040,2019-02-03,227
323188-497035,KB증권,IRP,469922,2017-08-30,227
2314-4394,키움증권,IRP,8356134,2014-03-30,228
84014318-87,한국투자증권,종합,43604573,2017-05-25,228
82755515-689,하나증권,IRP,65039,2016-10-06,228
355–5187–7017-0,미래에셋대우,IRP,3070963,2024-02-13,228
40641290-281,하나증권,IRP,9222,2011-12-14,228
35951516-802,하나증권,DB,551,2018-05-12,229
1838-6860,키움증권,DC,6497353,2014-09-24,229
645-58-015321,신한투자증권,DB,21729237,2016-04-12,230
738–5135–2434-7,미래에셋대우,IRP,496,2017-06-24,230
732–4973–2079-3,미래에셋대우,IRP,122,2021-04-02,232
804–2598–2677-6,미래에셋대우,IRP,48509,2014-02-09,232
49457929-351,하나증권,IRP,921,2013-08-12,235
65476837-13,한국투자증권,DB,90,2021-08-11,235
069-66-726397,신한투자증권,DB,1918676,2011-05-12,235
837-19-308128,신한투자증권,DB,360,2010-09-22,235
07426759-71,한국투자증권,종합,356,2018-03-18,235
4388-6506,키움증권,종합,8460103,2019-12-14,236
29222309-57,한국투자증권,종합,3108,2013-10-03,236
439-68-064927,신한투자증권,DB,660842,2015-03-30,236
11065997-06,한국투자증권,IRP,983705,2010-01-20,236
775377-848582,KB증권,IRP,94473,2014-02-28,237
2079-8610,키움증권,IRP,90765440,2015-07-22,237
17224984-14,한국투자증권,IRP,394,2019-06-23,237
939851-951805,KB증권,DB,21867966,2020-09-17,237
05607883-867,하나증권,IRP,970,2021-10-23,237
025-70-234415,신한투자증권,IRP,67726,2024-01-06,238
0666-4982,키움증권,종합,80143475,2020-07-10,238
471–9068–4432-2,미래에셋대우,종합,3834997,2011-04-24,238
89257143-34,한국투자증권,IRP,501379,2010-01-05,238
124042-011038,KB증권,DC,3643,2018-07-07,240
476337-390580,KB증권,종합,65608,2015-05-28,241
259080-837415,KB증권,IRP,1043,2010-11-21,241
09533935-668,하나증권,IRP,55919,2011-07-06,241
401324-939797,KB증권,DC,69770670,2013-09-24,241
288-96-565351,신한투자증권,IRP,887,2015-05-31,243
478-68-954915,신한투자증권,IRP,559,2024-01-11,244
262-31-023366,신한투자증권,종합,69035147,2023-03-21,245
35269426-743,하나증권,종합,5674,2012-07-24,245
088946-441637,KB증권,종합,99184,2011-02-03,246
001-63-550645,신한투자증권,DC,21913,2010-01-24,246
8666-5524,키움증권,DB,5457184,2010-08-12,246
092-02-068244,신한투자증권,DB,45408,2016-11-21,246
951-49-138188,신한투자증권,IRP,9721,2024-06-07,247
61003609-076,하나증권,DC,91623,2019-08-13,247
749–4332–2027-8,미래에셋대우,DB,5188343,2021-08-27,247
00144528-368,하나증권,종합,3475962,2018-04-05,247
781–3221–0927-8,미래에셋대우,DC,5258,2019-10-02,247
81604242-557,하나증권,DB,11420,2016-12-25,248
046–3316–3135-9,미래에셋대우,DB,314,2022-03-31,248
368880-820189,KB증권,DC,16646,2021-06-21,248
5158-1380,키움증권,종합,933,2014-01-11,248
6960-4949,키움증권,DB,22510,2020-04-13,248
380–3880–9627-6,미래에셋대우,IRP,6219,2024-03-25,249
8055-5195,키움증권,IRP,88580,2013-08-16,249
889–9110–4068-9,미래에셋대우,IRP,400637,2011-08-11,249
786-07-903519,신한투자증권,IRP,7722383,2010-06-12,249
491–3201–3217-7,미래에셋대우,종합,983,2023-12-31,249
797117-646248,KB증권,IRP,723,2023-03-15,250
990409-324535,KB증권,종합,59120,2014-12-18,250
75524736-561,하나증권,IRP,3094,2020-09-17,250
277-26-535094,신한투자증권,IRP,6676,2023-05-01,250
467416-536245,KB증권,IRP,73922,2016-12-04,250
707–5647–4984-8,미래에셋대우,DB,1658,2022-06-16,251
691346-945441,KB증권,DC,81973,2013-12-06,251
40208998-91,한국투자증권,종합,73833438,2017-07-07,251
9118-2233,키움증권,DC,8932,2010-03-15,251
35324396-712,하나증권,DC,2779346,2018-06-20,251
095–0423–7275-8,미래에셋대우,DB,9601,2024-04-03,252
116-34-532628,신한투자증권,종합,1856220,2016-09-15,252
3359-3792,키움증권,종합,991,2013-04-06,252
017-70-578764,신한투자증권,DC,33365745,2010-03-11,252
67378090-575,하나증권,종합,7871,2018-03-08,252
3709-6175,키움증권,종합,100469,2017-02-18,253
06264867-86,한국투자증권,종합,8766772,2021-04-28,253
945365-763338,KB증권,종합,60858528,2023-04-09,253
34959038-313,하나증권,IRP,665978,2017-10-11,253
07890618-745,하나증권,DC,23980,2018-04-02,254
3373-9477,키움증권,DB,77,2024-01-05,254
961–6628–4488-3,미래에셋대우,DC,722104,2018-05-12,254
23906952-43,한국투자증권,DC,2910,2011-02-19,254
01097423-71,한국투자증권,종합,573545,2021-11-28,256
03572721-578,하나증권,DB,68401,2021-06-19,256
06495874-88,한국투자증권,DB,8974,2011-04-03,256
230302-025525,KB증권,DB,613,2011-07-18,256
898–1091–7068-2,미래에셋대우,IRP,368228,2015-12-14,257
99683170-87,한국투자증권,종합,7844014,2019-10-07,257
92437310-57,한국투자증권,IRP,430376,2017-04-02,257
4878-8684,키움증권,종합,13993,2012-11-03,257
879-08-306270,신한투자증권,종합,825426,2019-04-17,257
49695021-29,한국투자증권,DB,1658,2021-07-26,258
353322-860832,KB증권,DC,2501039,2014-04-02,259
427777-996243,KB증권,종합,864668,2011-12-19,260
060–2912–8422-8,미래에셋대우,종합,31578884,2017-07-18,260
949–4477–3165-8,미래에셋대우,IRP,476442,2016-08-14,260
27618643-069,하나증권,IRP,9462492,2020-01-02,260
2604-4821,키움증권,DC,869,2023-10-21,263
74595261-909,하나증권,DB,75085,2019-06-12,263
3225-9937,키움증권,종합,3703659,2010-04-13,263
064–3998–8126-6,미래에셋대우,종합,97208,2015-02-28,263
95786655-89,한국투자증권,DC,796182,2015-01-15,264
082601-686328,KB증권,DB,3666,2019-02-08,264
379-47-760474,신한투자증권,DB,43638832,2010-01-16,264
27895971-919,하나증권,DC,593133,2011-12-16,264
03355597-75,한국투자증권,IRP,9111,2011-02-17,265
213-03-283421,신한투자증권,IRP,58236,2019-01-01,265
2379-0090,키움증권,IRP,2493,2017-12-30,265
04084792-704,하나증권,종합,26310340,2022-05-27,265
238959-979328,KB증권,DB,2152,2016-06-27,266
250-35-088431,신한투자증권,DC,33175,2016-03-14,266
48315467-70,한국투자증권,종합,48188,2010-05-22,266
28421296-17,한국투자증권,종합,57348,2011-04-12,267
348-99-410115,신한투자증권,DB,824352,2020-11-16,267
2924-0909,키움증권,종합,238,2015-10-04,267
37336133-67,한국투자증권,IRP,6161492,2021-06-10,268
655887-584850,KB증권,종합,3873353,2015-09-26,268
42679703-53,한국투자증권,DB,6782533,2023-12-21,268
922-82-495713,신한투자증권,IRP,320,2021-11-05,269
41283479-48,한국투자증권,종합,84097843,2016-06-15,269
836655-368046,KB증권,종합,28569,2019-04-21,269
145013-092661,KB증권,IRP,420,2013-06-18,269
68455433-74,한국투자증권,IRP,6912923,2013-01-24,269
624–3845–7089-8,미래에셋대우,종합,236,2013-05-02,270
5988-3968,키움증권,종합,54215605,2014-07-02,270
53626823-930,하나증권,종합,931,2022-03-21,270
885–8277–3291-6,미래에셋대우,IRP,9648,2014-12-06,270
694-47-519343,신한투자증권,DC,74655,2013-10-10,271
471827-794898,KB증권,종합,2061496,2013-05-15,272
892–0797–0578-8,미래에셋대우,IRP,15237581,2014-09-05,272
21042763-309,하나증권,IRP,3381,2014-08-18,272
588535-764609,KB증권,종합,719,2024-04-21,272
045–4306–5399-6,미래에셋대우,DB,1870,2016-10-24,273
103–0770–3122-9,미래에셋대우,종합,2946652,2013-12-21,273
040726-552086,KB증권,IRP,9968,2019-06-27,273
425–8694–3837-3,미래에셋대우,DB,20874,2010-07-16,274
049–5923–0973-1,미래에셋대우,IRP,907155,2014-05-05,275
88110639-254,하나증권,IRP,5810,2013-10-29,275
07829656-64,한국투자증권,DC,7933,2020-06-02,277
97811986-10,한국투자증권,IRP,78984480,2011-10-17,277
69109881-69,한국투자증권,IRP,963,2014-09-24,278
325–8883–1176-8,미래에셋대우,DB,5345914,2024-05-03,278
20264304-812,하나증권,종합,87665,2019-08-21,278
19897556-06,한국투자증권,종합,983,2017-02-25,278
032-06-523913,신한투자증권,DB,365,2018-07-08,279
31496684-203,하나증권,종합,591,2016-08-19,280
930-90-661065,신한투자증권,DC,14,2022-05-14,280
080-87-212275,신한투자증권,종합,80430,2012-04-28,280
82009831-07,한국투자증권,IRP,155103,2013-10-30,280
413460-557980,KB증권,DB,4031956,2016-02-01,280
5720-1977,키움증권,IRP,2555824,2011-07-18,281
201–3630–0102-0,미래에셋대우,IRP,609130,2020-05-01,281
2731-2728,키움증권,종합,6677,2024-03-10,281
398–7275–8789-1,미래에셋대우,종합,41034,2012-03-06,282
72965249-39,한국투자증권,IRP,2,2011-03-31,282
143531-214935,KB증권,DC,254,2017-11-22,282
695-93-559116,신한투자증권,DB,54821,2021-04-21,282
89726362-05,한국투자증권,IRP,47369515,2024-05-05,283
02850175-08,한국투자증권,IRP,394096,2015-12-08,283
7222-8217,키움증권,종합,6788,2013-10-03,283
20805818-18,한국투자증권,DB,73001974,2023-07-29,285
60516966-46,한국투자증권,종합,23963,2020-04-25,285
814275-443277,KB증권,DC,658255,2013-07-23,285
9825-9471,키움증권,DC,237436,2012-06-01,286
8378-1473,키움증권,DB,74223,2019-07-03,286
137-27-322415,신한투자증권,IRP,7039,2010-07-08,287
0477-6997,키움증권,IRP,66178865,2021-04-15,287
3976-5453,키움증권,종합,764559,2016-04-11,287
5490-9188,키움증권,DC,727703,2012-07-31,287
84753446-40,한국투자증권,DB,5485,2024-04-10,287
025811-473905,KB증권,종합,60030,2013-10-25,288
079-29-925009,신한투자증권,종합,46895761,2015-01-13,288
965–6909–4676-4,미래에셋대우,DC,13503073,2020-11-04,289
21692830-23,한국투자증권,DC,90984719,2012-08-07,289
980–3119–6218-8,미래에셋대우,DB,2830,2019-08-17,289
109–3871–7361-3,미래에셋대우,종합,33001957,2011-05-06,290
14322092-49,한국투자증권,종합,5351526,2010-04-29,290
372-60-842991,신한투자증권,종합,18970240,2023-11-29,290
3540-4286,키움증권,종합,4562,2012-07-24,290
67063746-460,하나증권,DB,49112770,2013-12-13,290
978365-600759,KB증권,DC,68880741,2017-09-14,291
26562164-466,하나증권,종합,39179269,2017-02-04,291
70328436-601,하나증권,DC,9318,2012-12-27,291
724-14-585025,신한투자증권,DC,92583348,2021-08-26,292
831334-983196,KB증권,종합,8779425,2020-12-07,292
421927-510305,KB증권,종합,98934,2022-08-30,292
6065-7097,키움증권,IRP,5744,2020-03-11,292
848–3158–5548-0,미래에셋대우,종합,98407580,2010-06-02,294
960-17-231460,신한투자증권,DB,3092748,2011-02-02,294
647853-610545,KB증권,IRP,17714399,2013-05-09,294
262–0920–6342-8,미래에셋대우,IRP,99323,2013-09-13,294
107982-561868,KB증권,DB,675001,2014-09-27,294
470042-302422,KB증권,DC,1722573,2011-02-24,295
4843-8789,키움증권,종합,99220467,2018-09-21,297
915-22-424118,신한투자증권,IRP,49117,2013-10-05,297
99553245-649,하나증권,DC,1640,2011-12-16,297
86608602-410,하나증권,종합,4997,2020-04-23,297
1591-4147,키움증권,DB,884321,2023-01-26,297
464934-390256,KB증권,DB,4120,2019-09-05,298
8941-2601,키움증권,DC,92766,2010-12-28,298
1915-4293,키움증권,DC,75826,2020-06-03,298
077–9935–0175-1,미래에셋대우,종합,3482221,2015-09-10,298
616–8850–1939-9,미래에셋대우,종합,53492231,2019-09-17,299
856-47-723955,신한투자증권,종합,822036,2018-02-23,299
100–2356–8600-7,미래에셋대우,DC,4248630,2018-01-29,300
69907736-32,한국투자증권,IRP,894,2019-05-04,300
69933851-12,한국투자증권,DB,879,2014-11-15,300
