account_no,fund_code
49348855-95,K55209E58782
500997-002208,KR5363AY5432
565010-766640,KR5105AT1043
2379-0090,K55107DT5674
265905-985777,K55365B32403
1153-4298,KR5237775279
780785-935960,K55237B46552
32179418-056,K55105BD9033
11688193-96,KR5229168806
78529483-44,K55206DW9085
209-55-320679,K55364BV4103
156–9677–3386-0,K55309BL3998
746673-394586,K55244DW2316
602093-294947,KR5101865537
159007-322083,K55102B42870
9195-4191,KR5301982926
9118-2233,KR5230AY4154
42393350-99,KR5206A31656
07890618-745,KR5206A31656
9750-2366,KR5365AJ4416
60516966-46,K55105BW2514
245094-921679,KR5216AL4652
615–6024–9493-4,K55210C33100
35967223-626,KR5303AS6118
315-75-909111,KR5105AK6165
5575-7467,KR5210AV0282
09157354-29,KR5105A84337
74503954-279,K55301DS2205
8150-7704,KR5101AQ4770
786-07-903519,K55234BW7632
541–3132–0225-2,K553N9D71593
83903637-272,K55303DT1501
160–1048–1429-2,K55373DE9464
9226-8744,K55306DT1185
5575-7467,K55105B67003
1591-4147,K55207DR8471
92518861-536,K55226BZ7852
03355597-75,K55207B29601
461–1760–0555-9,KR5223AZ3204
14909997-75,KR5213AE6311
029-41-556747,K55303B16910
9652-7015,KR5223AO4874
265905-985777,K55364BQ4571
095–0423–7275-8,K55223D45055
017-70-578764,KR5307662290
49695021-29,K55213DE8999
5158-1380,K55232BV9052
9226-8744,K55366AB7968
76690231-791,KR5303AP8299
125-20-018452,KR5229AC5002
69879837-63,KR5237A90392
360–6880–0688-6,KR5203503291
775377-848582,K55105D80275
374–9320–7439-8,K55104CK0041
7222-8217,K55210E01434
932912-751043,K55303BT4226
611977-053922,K55234B19671
93232136-295,K55301DN9130
71890585-02,KR5237AB6357
4843-8789,KR5101694200
44091270-21,KR5206692018
65476837-13,K55230BO5010
87110278-040,KR5234655730
37616231-79,K55210DB1784
83008780-767,K55206DD2679
880-75-105745,KR5234761140
168-17-097458,K55107CK3711
315-75-909111,K55364DH4497
2314-4394,K55101E11103
611540-208606,K55370BU1987
015-37-868273,K55301BO7499
5993-7091,K55101CS2265
07890618-745,K55301DI2082
205–5492–5385-3,KR5232AP1217
9807-8795,KR5363AU6574
74595261-909,KR5203743038
21312073-427,KR5225824592
2353-2411,KR5303AX6715
4714-8806,KR5207AW8081
590-33-232369,KR5223AQ4781
780785-935960,K55104CJ6041
458-66-048596,KR5210AQ8316
8022-8467,K55206B01024
4378-2795,K55223BI4929
77657991-31,KR5370199329
628-84-219333,KR5368151027
346–2511–0236-0,KR5301A25376
84753446-40,K55224DL7148
459–9083–1949-7,K55223DJ8893
18242596-303,K55209BV6883
405-79-113430,K55105CS5249
505–9870–6272-5,KR5301AZ1708
525-54-367003,K55105BT2030
364223-020823,K55107DJ4760
67063746-460,K55206DF8823
4997-7015,KR5105AU4655
05607883-867,KR5102AU1308
21042763-309,KR5212810547
7222-8217,KR5107249686
9118-2233,KR5391A05718
84753446-40,K55102BA2117
03733449-05,KR5105466746
14909997-75,K55105BW6747
345826-708036,K55216E42310
858328-177307,KR5105350874
602–3194–4722-4,K55105B58010
898–1091–7068-2,K55240C31168
6145-7411,K55101CI9593
76690231-791,K55102B37219
114-54-676040,KR5206960969
542-24-809860,KR5102746934
1541-8941,KR5301461814
982313-924393,KR5237750744
025811-473905,KR5104300524
436–4521–1695-4,K55102BJ4742
015-37-868273,K55209BY4109
8116-5787,K55305D49284
78529483-44,K55301D73697
41283479-48,KR5229AF6973
111-73-976946,K55101BD5092
96447423-08,K55301B73741
3595-1573,K55223D41807
6960-4949,KR5105600948
352-63-044077,K55232BU5093
265905-985777,KR5209AV3701
077–9419–7196-5,K55102C20445
85005738-24,KR5212556728
65234069-61,K55102C13317
11065997-06,K55365D33779
11158880-932,KR5355A81136
852-18-831177,K55107DT5633
99686668-30,K55207BQ1297
7294-7868,KR5207581566
808–8199–9176-0,KR5301AK2141
160–1048–1429-2,K55240CN9689
2650-3802,K55368DP4360
373282-117191,KR5103707455
139-64-075145,K55210D24115
21692830-23,KR5210AP8283
63684092-64,K55210DB5181
4843-8789,K55210DY3171
23906952-43,K55232B19972
2353-2411,K55232CP3573
212525-894683,KR5210702225
237439-130647,K55105B66690
423-57-633886,K553H6E00222
556290-782177,KR5234472771
59136542-261,K55107B11999
58770203-51,K55210E24725
120-01-677685,K55236C56353
372-60-842991,K55366B36253
44940276-692,K55240B33976
32939048-531,KR5301AR6046
05607883-867,K55223DY3945
707-06-670577,K55216BR7201
281-96-286019,KR5101169617
01167029-137,KR5235997446
2439-9131,K55105B58036
21692830-23,K55309C76398
9696-1417,KR5203539725
285-52-339020,K55105DD5864
647-97-272197,K55101BV9712
852-18-831177,K55301CK8086
35951516-802,KR5223AB1040
62441012-95,KR5210AM3964
080-88-861218,KR5223278528
465–5873–5766-3,K55370BC3308
110-23-630835,KR5236AG0729
190–2633–6205-0,K55301BY4429
3215-6393,K55105B83380
8378-1473,K55105E23950
974-06-379210,KR5223A64140
271-26-260768,K55105DZ2634
65234069-61,K55366AZ9347
6545-3013,KR5216958581
45066823-188,K55213C63176
8206-0953,KR5364848337
2559-3347,KR5101194169
364223-020823,K55301BJ7017
095–0151–9208-0,K55301B14026
915-22-424118,KR5223278536
56842876-12,K55223DE5803
088946-441637,K55207DZ3910
98225420-75,KR5229161645
82009831-07,KR5229161645
95786655-89,K55105BX4063
109–3871–7361-3,K55213D57515
876011-745290,K55223DM9037
3976-5453,K55368DP4386
92518861-536,KR5101169948
92917054-10,KR5210AL6349
23089154-83,KR5102862632
040726-552086,K55216BR7318
93232136-295,KR5207AT0745
975-04-776987,K55223C05523
932912-751043,K55105DZ2782
015-87-741911,KR5237798479
76690231-791,KR5234654345
97308216-723,K55301BR5581
088946-441637,KR5234AK6060
865–2221–8948-1,KR5225536246
01167029-137,K55365BQ2699
5744-0125,KR5107249512
900–4924–0452-8,K55206DS6301
00144528-368,K55104C22082
129-56-801294,K55206D33957
35324396-712,K55105CA8649
364223-020823,KR5301536268
96447423-08,K55223BY3590
949–4477–3165-8,K55105BW4569
250–3976–7745-2,KR5301AA1251
892–0797–0578-8,KR5105297810
21762818-62,K55302BG7548
18356749-362,KR5102AM1357
1541-8941,KR5225661358
31843368-465,K55206DD2695
892–0797–0578-8,K55105CA8664
36779182-139,K55210DH1150
4756-7903,K55306BO8674
46044137-197,KR5105656023
092-02-068244,K55232DA1318
544-39-489513,KR5366AP6305
4378-2795,K55236CG1988
190–2633–6205-0,KR5206AQ7587
201–3630–0102-0,K55301B59724
616–8850–1939-9,K55207BO0150
831334-983196,K55237B46586
876011-745290,K55223DB0880
60035526-57,K55210DT4135
7057-9657,KR5302AP1501
630-07-547492,K55105BX3685
11065997-06,KR5101856361
32179418-056,K55234BZ2549
336-39-353073,K55223CY8531
780-22-410359,K55363BR2450
1153-4298,KR5225A88987
37336133-67,KR5217754641
767674-458974,KRM306395562
23089154-83,K55301DG2696
982313-924393,K55232E14951
471–9068–4432-2,K55210B97412
59136542-261,KR5306AN4776
6065-7097,KR5209AO5689
945365-763338,KR5235A52560
7956-2976,KR5230647913
44350100-96,K55306CV9946
190–3600–1671-0,KR5105AU4655
2314-4394,K55101DF6443
948880-122494,KR5234472680
3800-5619,K55301BO0239
695–8007–2025-2,K55210D07219
033600-280125,K55104BU0297
379-47-760474,KR5210AZ4264
163990-515643,K55363BM3396
836655-368046,KR5223941950
11929801-04,K55237B46677
315-75-909111,K55105B70593
244–3731–9546-1,KR5301991356
21312073-427,K55237B46370
92437310-57,K55105BD6476
99546275-11,KR5102AY8986
71890585-02,K55210D52413
41171877-80,K55373C64606
032-06-523913,K55307B90064
478-68-954915,KR5223AY7693
276766-469489,KR5101AQ7872
969963-624062,K55224B96589
352-63-044077,K55206DD2679
8007-0722,K55302BU0115
015-87-741911,K55105CU9510
068554-764931,K55223CY8366
8378-1473,KR5235AP4085
107982-561868,KR5105734630
601807-667632,K55234DB1240
949–4477–3165-8,KR5234852170
4895-5581,K55224D85737
706-80-042454,KR5105AU2741
34959038-313,K55368BR0905
62153886-738,KR5105293868
156–9677–3386-0,KR5206839775
8378-1473,KR5212528222
355587-824737,KR5105A38127
939851-951805,K55223CX6627
11688193-96,KR5223AL9827
639-88-974791,K55301CW6425
281-96-286019,K55210E07639
2439-9131,K55301BX4404
213-03-283421,KR5223AB1164
37875371-207,K55101DZ3297
0363-0435,KR5210895151
36779182-139,KR5234AQ2378
248–8062–6494-2,KR5366AP0340
706-80-042454,K55210D56182
365–9198–0015-4,KR5235A66974
833–2848–8054-7,KR5232141915
974-62-643786,K55210DM2102
58770203-51,K55206BG9228
26118039-624,K55233BT3553
0343-4625,K55206CD6143
898-11-715439,KR5101964587
990409-324535,K55105DN1812
353322-860832,K55213C86268
6134-8260,K55301C62528
5354-7736,KR5104AR7456
31843368-465,K55228D71522
4293-3000,KR5103A04637
8378-1473,K55105B01135
939851-951805,KR5225758501
14599064-157,K55104CC7376
4546-5316,K55214CD4841
001-63-550645,KR5232158588
32527268-129,K55105BQ3601
421927-510305,K55105DK2920
402-27-380980,KR5105466746
59136542-261,K55223DN5018
068554-764931,KR5210AQ3804
245094-921679,K55105BF5450
044961-978299,K55228CZ2314
763691-126050,KR5234706996
82009831-07,K55228DL7524
639-88-974791,K55206E09914
416257-975923,KR5207804588
3434-1848,K55306DW8417
22994316-00,K55223DB0880
7977-4895,KR5217285547
691346-945441,K55206CT3571
4895-5581,K55303CK1386
310–7609–5128-8,K55105BW2472
82755515-689,KR5209AQ3179
5868-3191,K55105B70452
159007-322083,K55210BA9814
503-26-176979,K55232C14666
064–3998–8126-6,KR5225948045
616–8850–1939-9,KR5214AN5220
35278556-416,KR5235AC9469
61550345-21,K55207BQ7724
989–2611–3525-1,K55236C56346
724977-270793,K55366B28912
017-70-578764,K55105BQ2371
091516-456453,K55101C35304
259080-837415,K55206CD5244
29222309-57,KR5210970327
77657991-31,KR5217830995
077–9935–0175-1,KR5223AE4249
8150-7704,K55301BV2848
603–1960–7103-1,KR5105879476
56350641-15,K55105BS8350
99686668-30,KR5237778166
111-73-976946,K55213CY2759
4387-5235,K55105C42236
92917054-10,K55105CK8670
922-82-495713,K55210DQ8287
997–7686–9929-8,K55210D07235
161-57-895975,K55210DD5304
6484-2736,K55223BA5007
0303-9109,K55207BS7979
04084792-704,K55234B47938
122-20-939201,K55210CI0400
546–7271–9563-4,KR5206A14132
7222-8217,K55107CC0311
898-11-715439,K55101BX9462
44447146-187,K55306BL1037
1400-3329,K55244DP1440
9310-2574,KR5206AQ7413
738–5135–2434-7,K55105CF2647
608005-007793,KR5235AF3915
874–2803–6164-0,K55301C47545
721-96-486275,KR5232A22875
315-75-909111,KR5206689709
6065-7097,KR5307AP9939
124–0930–8448-4,KR5235A99603
706-80-042454,K55213E15826
500931-051536,K55301BC5307
948880-122494,KR5232A22925
505–9870–6272-5,KR5232948707
49801424-34,K55370D73593
406–0108–6271-3,K55105D13391
440–2737–3732-9,K55307DM1686
54986895-890,KR5207AP8809
3215-6393,K55228DC7533
18296934-099,K55366B36246
541-19-468083,K55237B46669
892–0797–0578-8,KR5301AY5924
547-96-990197,K55305CZ1817
5490-9188,K553W5E03427
6960-4949,KR5105879948
858-09-172815,KR5301686071
2802-9928,K55301DD5932
3709-6175,KR5107596292
2731-2728,K55203BB7204
26638587-087,KR5223AY3940
61377941-723,K55223D11354
70328436-601,K55105BT2261
420085-661975,K55105CG4709
69879837-63,K55301B85422
547-96-990197,K55216BW1017
880-75-105745,K55306DW8649
603–1960–7103-1,K55214DK0971
58000010-73,K55224BI4126
9807-8795,K55105CK8662
9271-2143,K55105BU1427
50901884-154,KR5234789505
84753446-40,K55105DW4245
618–3336–2937-3,KR5206577896
06264867-86,KR5105924413
885–8277–3291-6,KR5217AO8915
0666-4982,K55232DS8420
889–9110–4068-9,K55105B89783
2534-3021,K55107B38117
63684092-64,K55301BC5125
27618643-069,KR5219854613
46044137-197,K55210DM2144
41171877-80,KR5237AM2734
262–0920–6342-8,K55206C22077
86753447-06,K55321DE5002
398–7275–8789-1,KR5105AR7554
82755515-689,K55216CJ4223
900–4924–0452-8,K55232C99477
05014884-62,K55206C22184
88020664-28,KR5105792976
6145-7411,K55223CN7395
092-02-068244,K55210D13332
620-69-196475,KR5301AC8965
045058-734381,K55105BU1088
503-26-176979,K55234BL5860
989–2611–3525-1,K55229BS2495
2650-3802,K55104C05780
7101-6501,K55101B90830
3649-8618,K55105BV0527
077–9935–0175-1,KR5307AV7174
982313-924393,K55210DI3924
07426759-71,K55232CN9895
357–9954–1972-4,KR5104A16720
92518861-536,KR5232488597
732–4973–2079-3,K55101BP1063
137-27-322415,K55302B07838
544–1128–6222-4,KR5301AW7799
84753446-40,KR5229AA1581
06264867-86,K55306DB1854
271-21-238996,KR5227536897
69907736-32,KR5301A97318
111-73-976946,KR5229AQ6418
41863502-49,K55366BU9655
98225420-75,K55301B40922
947-27-757179,KR5205AQ0591
775377-848582,K55307BB8272
24315858-488,K55210CO7464
2079-8610,KR5103A04595
21982667-352,KR5232AY1893
26562164-466,K55363BU1291
184-36-446637,K55373CM4524
974-62-643786,K55234BP3846
3373-9477,K55214BC6558
58770203-51,K55101DK5539
270232-578103,K55229CZ5712
0303-9109,K55301B36565
936939-993002,K55232BA3415
95266979-58,K55223BY3657
658–1202–9184-8,KR5301AK2117
838314-692137,KR5206708863
9300-2542,K55210DM2003
3536-3120,KR5391AS8588
988718-074278,KR5105887347
6134-8260,K55232B68128
58060623-55,KR5236A93182
880-75-105745,KR5101AQ7880
07532321-168,K55223D44991
427777-996243,K55223C89139
60516966-46,KR5366865842
858-09-172815,K55307D32575
380–6921–3279-7,KR5363AO7141
500931-051536,K55206DK1391
830646-493086,K55101D20643
241-84-312030,K55105DN1549
21042763-309,KR5228275404
89726362-05,KR5101974602
830646-493086,KR5105177178
25633982-468,KR5236A93109
37875371-207,K55239B01652
35269426-743,KR5203AP9116
06275886-03,K55237B73226
346–2511–0236-0,K55105CU9569
751–0674–3749-3,K55232BA2920
088946-441637,K55223BD8537
015-37-868273,K55301E27634
230302-025525,K55104DM0758
2379-0090,KR5228AY2566
357–9954–1972-4,KR5373158728
07532321-168,K55226DN0313
9271-2143,K55213BV4486
544-39-489513,KR5301AS9551
2439-9131,K55307D05118
19570427-61,K55363B53396
91194168-046,KR5105926723
57703722-844,K55224DB9351
238959-979328,KR5107561312
2379-0090,K55301D28451
271-26-260768,K55232BH0695
855961-203492,K55101C51491
374–9320–7439-8,K55301BA7032
214154-622370,KR5102AP7096
836332-038054,K55210DV4859
694-47-519343,K55302DG7678
252-91-175889,KR5234AS6625
837-19-308128,K55226DN0313
541–3132–0225-2,KR5301982926
500931-051536,K55210E10260
9034-8909,KR5105656056
85005738-24,K55224BC7489
98806970-48,KR5206539862
53626823-930,K55105DS5172
969963-624062,K55366B29100
433191-625222,K55232E31435
88110639-254,KR5235AQ3664
056–1027–4474-3,K55307CH8192
99553245-649,KR5303286813
241-28-213672,KR5301AA4545
98225420-75,KR5209AV4725
2184-9670,K55232BA3076
0069-0207,K55303D98245
94912359-080,KR5103360222
9750-2366,K55105B01010
205–5331–1785-9,K55234B47938
078–4096–2542-7,K55230BQ1991
60035526-57,K55101BM2890
997317-011669,KR5104A76377
14599064-157,KR5103A04595
94788506-61,KR5103972992
25129677-595,KR5370AF1880
55936753-07,K55240C31150
21692830-23,K55105BT7740
32939048-531,KR5373A18909
124281-326338,K55213E15818
59859971-89,K55207BU0715
07829656-64,K55239BB1312
116-34-532628,K55301E15670
377-81-712364,K55105DI5380
029-41-556747,KR5229476209
780-22-410359,K55240DJ8884
09656286-41,KR5105159143
8150-7704,K55105B76764
797–8832–6230-1,K55306CO5158
06275886-03,K55105BT2048
602093-294947,K55213CY2361
9667-9971,K55104BA3162
62380504-802,KR5105AW5858
4843-8789,K55213E15818
83008780-767,KR5235A99595
418–0611–3406-4,K55105C10761
44350100-96,K553F0E44654
20264304-812,KR5303AS6134
262–0920–6342-8,K55224DL7122
259080-837415,K55373DC9938
241-84-312030,KR5103585497
8022-8467,K55102B41450
647-97-272197,KR5206960647
111-73-976946,KR5223AO4874
72817895-78,K55223DB5780
4388-6506,KR5301934521
924425-126548,K55206B65524
032-06-523913,KR5236831537
961–4121–8827-7,KR5210963975
838314-692137,K55232CJ5220
889–7440–6259-1,K55213D18079
852-18-831177,KR5228739136
841547-591835,K55101D20940
250–3976–7745-2,K55302CE8240
29222309-57,K55454C64307
92917054-10,K55107DD5417
6886-2629,KRM302341586
787357-133049,KR5232260848
464934-390256,KR5234936221
2079-8610,K55228CZ2298
858328-177307,K55301CG5815
13772543-60,K55301BM0033
831334-983196,KR5235997008
24315858-488,K55302CE8968
91182812-209,K55235DI6795
69879837-63,K55244D55803
787–2064–1450-1,K55230B04002
879-08-306270,KR5210A65698
359-86-019653,K55203D10374
88964146-502,K55105C15083
9825-9471,K55105C31445
088946-441637,KR5240AD0635
459–9083–1949-7,KR5210765347
70325339-638,K55365C12718
353322-860832,KR5229161637
124–0930–8448-4,K55105B93611
2731-2728,K55101BT7264
27177661-14,K55237B91160
2079-8610,KR5105730547
491–3201–3217-7,K55303DN3420
947-27-757179,K55370D88070
5993-7091,K55370D73510
00144528-368,KR5235996703
541–3132–0225-2,KR5235AC9501
602093-294947,K55223BC7977
336-39-353073,K55365C43747
383524-881209,K55105B66666
379-47-760474,KR5301AP5040
8128-1453,KR5230954046
209-55-320679,KR5105911691
503-26-176979,K553H6E00529
68455433-74,KR5105A86332
253–0438–5223-1,K55303CX5374
277-26-535094,K55213BU6839
353322-860832,KR5364AW9419
057177-785186,KR5209814767
27618643-069,KR5301655530
924425-126548,K55104BR3387
7057-9657,K55105B00657
214154-622370,K55213BU6839
350–8719–3147-6,KR5230AC4549
5993-7091,KR5210AY6625
077–9419–7196-5,K55101D20668
20520613-673,KR5217AH3394
248–8062–6494-2,K55301C47545
092-02-068244,KR5105177152
29739358-897,K55101BX3994
77104574-44,K55235CU2542
3215-6393,KR5301AQ4083
35324396-712,K55105D45278
416390-318912,K55104CC1338
6145-7411,K55105CU9551
287694-006381,KR5104163062
11688193-96,KR5213AE6337
234383-793053,KR5216750228
5868-3191,K55240BB4164
471–9068–4432-2,K55307DM1629
775377-848582,KR5223AU1385
41171877-80,K55301BA7065
120-01-677685,K55105CA8631
86532979-13,KR5101717746
19897556-06,K55105DS5172
100–2356–8600-7,K55364BF5621
018475-885599,K55216BT5112
565–7440–0690-9,K55212BB8573
700–7083–6061-5,K55302B62569
4387-5235,K55105BT6494
90542495-945,K55307D05050
18296934-099,K55101BD5233
01167029-137,K55207BT7606
241-28-213672,K55210DB2147
9292-8478,KR5213AI6820
78529483-44,K55105E24073
379-47-760474,K55301D52592
827227-745190,KR5301AE0788
0626-2624,K55228CZ2298
827227-745190,KR5105924439
779–7836–0102-1,KR5209959091
9118-2233,K55216CJ4256
6907-2128,K55229C61515
017-70-578764,K55105DS5222
2353-2411,KR5206AQ7330
23906952-43,K55301BW0775
259517-428809,KR5207AH8742
40208998-91,KR5105747301
6523-2431,K55301DT3053
57453691-384,KR5203AR3687
669–6108–3331-5,KR5301AQ0354
25516338-81,K55301DK5685
957606-261441,K55102B41450
83903637-272,K55223DL4583
69109881-69,K55321DT7928
70325339-638,KR5236A93075
75524736-561,K55216B12053
4895-5581,K55102D42009
88964146-502,KR5101908121
1591-4147,K55240BB4164
658–1202–9184-8,K55223BA7912
93518844-893,K55223DJ9701
77928677-030,KR5105533735
21692830-23,K55239C66851
6134-8260,KR5228275412
500997-002208,K55104CJ9920
6033-1280,KR5101AQ7880
69879837-63,K55102D42041
61003609-076,KR5210175042
2439-9131,KR5105924694
19570427-61,KR5370956272
069-66-726397,KR5105AF7061
621673-673522,KR5107249538
18296934-099,K55301B94606
94912359-080,K55104CC7400
5601-4717,KR5229AC5028
346–2511–0236-0,K55301B35070
3592-5373,KR5229AX1816
425–8694–3837-3,KR5105718054
015-87-741911,KR5230AY4162
336-39-353073,K55224E95536
69879837-63,K55232BJ3796
5354-7736,KR5105119022
6886-2629,K55239B01637
2379-0090,K55105B21885
60693865-09,K55232DI0965
27618643-069,KR5225978539
277-26-535094,K55209BS9585
125-20-018452,K55306DW8466
4756-7903,K55234BZ2549
602093-294947,KR5236AH2906
694-37-182774,K55102B12014
109–3871–7361-3,K55206B62927
874–2803–6164-0,K55105DL0816
59859971-89,K55104E92453
348-99-410115,KR5105904167
556290-782177,KR5206926952
159007-322083,KR5107305983
980–3119–6218-8,K55306DW8540
47646559-174,K55105BQ3619
119-35-022940,K55235CX0907
421927-510305,KR5229472919
978365-600759,KR5205AH8348
09656286-41,KR5236A93174
248–8062–6494-2,K55101E12093
3649-8618,KR5366AF5671
93518844-893,K55105BT2295
045–4306–5399-6,KR5217703069
401324-939797,K55223CX6825
9300-2542,KR5217AQ1199
55176786-814,K55223DE5803
346–2511–0236-0,K55301BR4790
246996-432360,K55104DM0790
60516966-46,K55105DE9154
91194168-046,K55301B86123
04084792-704,KR5105220887
88020664-28,KR5206AP1649
350–8719–3147-6,KR5103345405
27895971-919,K55104CJ6082
124281-326338,K55213CY2361
10147790-77,K55301B84235
40405218-76,K55368D36636
446-18-547257,K55105E22382
01167029-137,KR5210998815
77657991-31,KR5306945878
544-39-489513,K55229C36814
503-26-176979,KR5102665498
3215-6393,K55301BR5508
797–8832–6230-1,K553W5E17401
69940390-265,KR5232534713
1061-1433,K55303DN1846
080-88-861218,K55210BU1668
93576216-65,KR5212AV3151
700–4796–6416-1,K55209B87712
098176-925887,K55303CR9044
037–6982–5425-2,K55105DN1499
4388-6506,K55240CN9614
02544489-24,KR5105350874
40405218-76,K55223DJ3027
21323484-639,KR5302AF5322
807–7413–4523-9,K553N9BX4148
69933851-12,K55306CO5174
709–2015–9478-2,KR5223AP5466
339494-950350,KR5217956352
001-63-550645,K55232BW6479
315752-290695,KR5235A52446
694-47-519343,K55101BM2890
365–9198–0015-4,K55102CO3415
29460992-82,K55232D13757
641-26-306904,KR5309AB5642
005-14-498113,KR5363AK2104
139-64-075145,KR5235996661
2751-1171,K55301BL1644
49695021-29,K55307BB2911
02544489-24,K55206DR3580
839-23-828521,K55213DB6079
368880-820189,KR5101287963
500931-051536,KR5301AY5924
76690231-791,K55210D07326
07890618-745,KR5105802114
9931-8374,KR5303939833
741–8841–6669-5,K55236C49960
271-26-260768,K55216BT3810
3692-4297,K55223D82009
808–8199–9176-0,KR5227538380
214154-622370,K55232C14633
621673-673522,K55223D11149
012–0415–7264-6,K55301B16237
957–3012–5720-7,K55224CV5570
29460992-82,KR5105AK6215
2559-3347,K55239CD6565
874–2803–6164-0,KR5105A86308
903827-599704,K55101DP7555
89257143-34,K55301BV2624
159007-322083,K55223BN7347
8128-1453,K55232C99576
194–0738–4208-9,K55224BC7422
724977-270793,K55303BU3787
47646559-174,KR5223AF8892
373282-117191,K55303B23189
425–8694–3837-3,KR5312656642
59136542-261,K55101BG4597
046–3316–3135-9,K55210DB2147
965–6909–4676-4,K55301BD5843
2353-2411,K55105BA7352
932912-751043,KR5203864925
68747522-196,KR5105656031
207–7617–5277-7,K55368BK8780
345221-335934,K55216BR3994
00144528-368,K55229BZ2934
61550345-21,K55223D81852
21323484-639,K55223CO5596
271608-274369,KR5301536250
262-31-023366,K55366B28862
9118-2233,K55224CO5272
56350641-15,KR5213AC0084
44350100-96,KR5206AB5133
997–7686–9929-8,K55102B00571
807–7413–4523-9,KR5105533784
377-81-712364,K55301CH3215
29222309-57,KR5223AQ4765
3800-5619,K5M365CD3201
25129677-595,KR5235A99645
27618643-069,KR5230AV2813
719385-894569,K55216C14354
541–3132–0225-2,K55232DI0585
915-22-424118,K55301BL1628
2604-4821,K55235B96197
65234069-61,K55244DN5765
668-67-619272,KR5101151268
5283-5937,KR5235267220
20264304-812,KR5364AG7603
147-46-926332,K55301BC5059
786-07-903519,K55213DI3475
60909497-805,K55321DE4914
465–5873–5766-3,KR5213AQ5756
9667-9971,KR5105992105
025811-473905,KR5207577515
503-26-176979,K55301D99205
116-34-532628,K55301DW1706
07829656-64,K55210CY1010
60516966-46,K55223C41643
21312073-427,K55206BL0386
860677-355912,K55216B12129
068554-764931,K55216BR3960
630-07-547492,KR5234AM7702
611977-053922,K55232BV8880
3215-6393,K55105B77689
270232-578103,K55368DP4394
31843368-465,K55232DI0874
281–0077–4181-9,K55101DV6872
03572721-578,K55223BH8186
780785-935960,KR5391A52413
7294-7868,K55306CW0027
61550345-21,K55301B32697
889–7440–6259-1,K55306B31888
306-44-788899,KR5234769887
083492-288398,K55105BT7674
497-79-481818,KR5301536268
746673-394586,K55365B68548
026-01-021802,K55232BA2995
668-67-619272,K55206DD2638
833–2848–8054-7,K55105DL0089
855961-203492,K55223BW3824
68455433-74,K55301CW6466
67378090-575,K55105D13409
84014318-87,KR5105762433
780-22-410359,KR5105837847
78445365-349,K55102B42771
315752-290695,K55306CM2751
9226-8744,K55232C70296
13772543-60,KR5229653351
159007-322083,K55213DK8967
4388-6506,KR5228AH6501
22994316-00,KR5210AG8995
471–9068–4432-2,K55223DD2223
61377941-723,K55105D45336
535175-006138,KR5225760903
24315858-488,K553W5E17294
32349681-91,KR5103990606
1591-4147,K55223DB5723
902586-179071,K55306BC4727
997–7686–9929-8,K55234CJ0914
6545-3013,K55101BQ0585
36030052-24,KR5235690751
542-24-809860,KRM105327808
425–8694–3837-3,KR5105AO2897
880-75-105745,KR5101964116
033600-280125,KR5105354785
315-75-909111,K55101CS3818
779–7836–0102-1,KR5103707455
246996-432360,KR5104A15110
787–2064–1450-1,K55216CJ3936
2650-3802,K55210CY0996
5158-1380,KR5107849386
0069-0207,K55105DK2714
546–7271–9563-4,K55209B98503
856-47-723955,K55303CX5325
355–5187–7017-0,K55239BB1270
76573514-730,K55228DD2467
658–1202–9184-8,KR5216AQ6470
5744-0125,KR5301AT1821
18242596-303,K55235B39791
079-29-925009,KR5206AA0069
001-63-550645,KR5203AI1005
21982667-352,KR5103990671
1153-4298,KR5209772858
049–5923–0973-1,K55232DG1155
68747522-196,KR5214AX8032
947-27-757179,K55303BX5961
549791-477974,K55228CZ2314
65647747-78,KR5210821330
8206-0953,KR5210765347
257–6075–8438-5,K55301BL1545
077–9419–7196-5,K55206BG9228
55176786-814,K55307D32542
602093-294947,K55214CV1910
20805818-18,K55105CS2345
4843-8789,K55230BQ1991
046–3316–3135-9,KR5102961905
81999842-58,K55213BP9087
794463-544498,KR5301AW7831
310–7609–5128-8,K55101DV6872
624-14-061950,KR5210AQ8258
201–3630–0102-0,KR5232AP1068
14909997-75,K55105E78590
04225914-63,K55232C14567
997317-011669,K55301CO5005
1838-6860,K55102BC9730
083492-288398,KR5301848358
6145-7411,K55105BT2527
889–7440–6259-1,KR5225661283
27618643-069,K55234BX7276
694-47-519343,K55104BQ5631
92437310-57,K55235D99999
092–1787–1106-3,KR5104AU7170
532-21-090762,KR5228AT7547
997317-011669,K553F0E44654
339494-950350,KR5229931914
446-18-547257,KR5229AX1840
932912-751043,K55365BC8270
7294-7868,KR5210AQ2608
466-45-509807,K55205DA7276
32179418-056,KR5223AR1927
08376139-511,KR5228AT7513
765–1037–0720-9,K55105DK2813
06275886-03,K55303D98245
9034-8909,K55210E06284
088946-441637,KR5231524475
71890585-02,KR5210989608
42393350-99,KR5232534705
738–5135–2434-7,KR5232534705
380–3880–9627-6,K55101CC5571
416390-318912,K55235B96098
001-63-550645,KR5213AQ6127
079-29-925009,KR5105636900
738–5135–2434-7,K55105C59875
969963-624062,K55364CF6826
616–8850–1939-9,KR5210A96222
794463-544498,K55235CU2195
99683170-87,K55301BG7119
64729240-98,K55210DJ2503
40641290-281,K55206BF9401
655887-584850,KR5306987276
85005738-24,K55105CG9781
252-91-175889,K55207DZ3738
9226-8744,K55364BO3484
5283-5937,KR5102AV9318
669–6108–3331-5,KR5101815003
14599064-157,K55234B71888
5575-7467,KR5223AQ1712
3709-6175,K55236C98579
69736784-623,K55101CR8800
14599064-157,K55101C51541
427777-996243,K55206B06684
380–3880–9627-6,KR5105747343
4997-7015,KR5210AJ6574
9682-5743,K55213DB5980
250–3976–7745-2,KR5228A24788
62380504-802,KR5224AF4122
535175-006138,K55223BU0566
139-64-075145,KR5301AO4960
75524736-561,K55210CV2383
2353-2411,KR5104656313
383524-881209,KR5232158570
425–8694–3837-3,K55210DS4268
838314-692137,KR5207839725
012–0415–7264-6,K55301C62551
017-70-578764,KR5105925956
124281-326338,K55301D46255
377-81-712364,K55210DS4342
997317-011669,K55223C05572
230302-025525,K55223C23849
947-27-757179,K55216BR7375
168-17-097458,KR5225824709
500931-051536,KR5210AM6611
360–6880–0688-6,K55224DB9377
797117-646248,KR5306723168
0626-2624,KR5225951890
29739358-897,K55232B20061
37336133-67,KR5103279356
250-35-088431,KR5355AY1258
699–4097–2968-5,K55206BG9251
61003609-076,K55232D64685
961–6628–4488-3,KR5232534614
95266979-58,K55105BG6820
99553245-649,K55213E07427
88964146-502,KR5206773776
86532979-13,K55301BV3135
29739358-897,KR5235996802
246996-432360,K55228D94524
96447423-08,K55232BT7027
839-23-828521,K55223DL4534
489-72-229610,K55213BA8847
616–8850–1939-9,K55210DW5285
32939048-531,K55363BM3362
88020664-28,K55365C12627
565–9049–7951-6,K55301CM0883
58060623-55,K55101D21005
091516-456453,K55105CG4998
91763491-88,KR5223702758
256835-098321,K55107DT5591
639-88-974791,K55234B26205
470042-302422,KR5366A22160
29460992-82,K55210DY3155
81999842-58,K55213DI3368
500931-051536,KR5101AU8270
103–0770–3122-9,K55102BU6189
41863502-49,KR5225729973
6523-2431,K55105CF5152
4843-8789,KR5229822816
04084792-704,K55107DT5658
18242596-303,KR5207AM3431
090560-973563,K55232CU2966
5601-4717,KR5237AM2767
500931-051536,KR5101533663
602093-294947,K55307BC6945
59136542-261,KR5210654129
9226-8744,K55102BC9797
70325339-638,KR5102AU9673
1147-7226,KR5101964595
306-44-788899,K55207DS1947
5086-8132,KR5306AL9009
489-72-229610,KR5105298776
86608602-410,KR5102726910
11688193-96,K55105BS8103
932912-751043,K55223C41544
898–1091–7068-2,KR5101521601
22994316-00,K55229BU7318
3540-4286,K55301CQ1556
751–0674–3749-3,K55301BB3766
81604242-557,K55363C09420
924425-126548,K55306BO8666
669–6108–3331-5,KR5219537929
6886-2629,K553J1DC8064
7328-8383,KR5206853859
8480-7459,KR5301AC9047
21312073-427,K55237B46453
0069-0207,K55206DA2318
4008-2360,K55105C31262
244–3731–9546-1,K55302CE8570
54512425-09,KR5366AI2030
99683170-87,KRM301957416
505–9870–6272-5,KR5219708652
4997-7015,K55301B85984
231993-867199,K55210CI0376
11688193-96,KR5217637440
57453691-384,KR5105539013
022–0704–3376-7,K55223C53515
29104941-95,KR5105992105
277–9206–3753-1,KR5235AP4085
5086-8132,K55210E07647
858-09-172815,KR5370AP9949
452–5072–0886-1,KR5206AQ7447
389–0705–9923-8,KR5234A31955
49695021-29,K55104C48269
88964146-502,K55366C87593
111-73-976946,K55365C43663
350–8719–3147-6,KR5217637440
547-96-990197,K55301B16161
27177661-14,KR5210AM6835
100–2356–8600-7,KR5225A75083
922-82-495713,K55101E91865
27260469-950,KR5104AQ5469
45066823-188,K55105BP0152
80596785-262,KR5306AR2909
433191-625222,K55232E30841
85005738-24,K55105BT2535
75524736-561,K55105C01901
037–4299–3003-8,KR5235997388
541-19-468083,KR5209AQ3062
68455433-74,K5M303BS1915
616–8850–1939-9,K55101AZ7044
797–8832–6230-1,K55223CN9342
41171877-80,K55203E37599
103–0770–3122-9,KR5105AZ0336
467416-536245,K55105E24297
592900-925553,K55206B41319
8376-2813,K55107BU7885
6134-8260,K553W5E17393
549791-477974,K55101D20635
92917054-10,K55301DD6005
17224984-14,K55301BW2052
00594065-78,KR5301A97946
1838-6860,KR5101558538
256835-098321,KR5105805000
941348-199285,KR5205AH8330
81604242-557,K55301D52634
5868-3191,K55216B63353
81999842-58,K55223CX6825
879-08-306270,K55104CJ9920
889–7440–6259-1,KR5391982109
81604242-557,K55228B34094
259517-428809,KR5235AF3808
88020664-28,K55209B89189
360–6880–0688-6,KR5301982934
944–3598–2550-0,K55203B30491
82009831-07,K55205AJ1893
257–6075–8438-5,K55105CG4766
951-49-138188,KR5101964686
775377-848582,KR5303760452
194–0738–4208-9,KR5237737600
8007-0722,K55234CJ0989
209-55-320679,KR5206536603
827227-745190,K55210DW5194
898-11-715439,KR5363AX0491
53645403-00,K55210DV5609
624-14-061950,K55303B01482
49316297-836,K55232E31120
476337-390580,K55102C13390
9696-1417,KR5301962746
23906952-43,K55213E48314
841547-591835,KR5107249595
4895-5581,K55301BR4865
079-29-925009,K55224DL7262
366-41-435712,KR5105717361
789-60-751229,K55105B83380
3798-8817,KR5206839742
4008-2360,K55213E53256
956-65-465028,K55104CJ5902
03572721-578,KR5225795966
380–6921–3279-7,KR5105AO2731
826-09-513084,KR5236AY2996
287–6687–6121-4,K55203B50747
137-27-322415,K55237B91160
73343563-058,KR5105926749
277–9206–3753-1,KR5370AF1930
694-37-182774,K55102C13374
205–5492–5385-3,KR5232A22875
88316447-41,KR5301A71263
54512425-09,K55235DI6753
21323484-639,KR5232632632
49457929-351,K55105B66658
41283479-48,KR5102AM1357
310–7609–5128-8,K55105B83745
68747522-196,K55105BX6043
119-35-022940,KR5237AT5581
53626823-930,K55206BL0378
379-47-760474,K55366AZ9362
14322092-49,K55234CB1837
4833-0055,K55366B29001
922-83-065312,K55105BT2030
143531-214935,K55370DF8518
41863502-49,K55303AY8700
025-70-234415,KR5232766877
86608602-410,K55105B62905
40641290-281,K55306CV9961
28068905-05,KR5235A99595
582-07-993607,KR5207751284
707-06-670577,KR5101169740
400806-738750,K55105B58044
8666-5524,KR5101964512
80596785-262,K55104BW3745
21692830-23,K55213DU6902
59859971-89,K553N9C64897
91182812-209,K55237B91251
6545-3013,K55301B94622
969963-624062,K55303BT4234
74672915-317,K55216BT3786
957–3012–5720-7,K55203B30475
889–9110–4068-9,K55105B00657
58060623-55,K55232DH9538
11688193-96,KR5105AZ0369
271608-274369,K55205AZ6819
3649-8618,K55213C63135
4387-5235,K55232AZ6147
60909497-805,K55301BV2947
588535-764609,KR5101637928
257–6075–8438-5,K55232BU5838
29460992-82,K55223BY3640
34959038-313,KR5107AG3075
628-84-219333,K55210BB1596
466-45-509807,KR5213AQ0252
838314-692137,KR5237294859
078–4096–2542-7,K55365CK1225
858328-177307,KR5203452242
746673-394586,KR5105991867
624–3845–7089-8,K55301C38965
380–6921–3279-7,KR5206A35558
927-04-287479,K55107DT5633
116-34-532628,KR5223959648
831-73-478157,K55232CJ5279
49695021-29,K55310DG8056
7956-2976,K55213DS2541
86532979-13,K55104CY3866
58060623-55,K55232B47999
59136542-261,KR5213AE6394
19115633-608,K55232BW8335
1147-7226,K55301D55967
945365-763338,K55102BJ9535
9216-9188,KR5105AU2758
57703722-844,KR5101544017
348-99-410115,KR5101705113
109–3871–7361-3,KR5101A58926
791-37-394070,KR5225991706
205–5331–1785-9,KR5104656313
749–4332–2027-8,KR5230AV2813
997–7686–9929-8,K55223DC7579
56350641-15,K55207BU8502
841547-591835,K55223CT4933
6934-1139,KR5105734630
3536-3120,K55105BA2361
31224040-11,K55239C57090
695-93-559116,K55301D89586
40405218-76,KR5105314904
804–2598–2677-6,K55107BU7943
856-47-723955,KR5216297899
3798-8817,K55301BP7050
639-88-974791,K55230B63347
48315467-70,K55105BV3844
781–3221–0927-8,KR5235AP3947
364223-020823,K55223BN7347
124281-326338,K55232BI7244
651639-225834,K55223DG4176
060–2912–8422-8,K55306BF1431
452–5072–0886-1,KR5301AX4480
80211459-64,KR5212AE6874
238959-979328,K55102BH5006
077–9935–0175-1,K55104CC1296
748–1450–6538-8,K55210CI0368
7018-6962,K55105C59883
978365-600759,K55364CF6800
903827-599704,K55206B62224
902586-179071,K55223D81852
111-73-976946,KR5230AV2789
077–9419–7196-5,K55206DE4823
62153886-738,KR5301AZ0965
647853-610545,K55223BC5740
3215-6393,KR5237737584
341–7669–0156-0,KR5101AR6147
25820658-789,K55235B39940
045–4306–5399-6,K55206BV7892
4756-7903,KR5302AF9589
830646-493086,KR5104AB7645
86532979-13,K55216DS6572
65476837-13,K55105DE2134
069-66-726397,KR5101AQ4754
532-21-090762,K55210CE5122
833–2848–8054-7,KR5229AX1840
59136542-261,K55213DB5980
651639-225834,K55102C00488
2802-9928,K55229BW5864
5086-8132,K55232BI7244
974-62-643786,KR5301290379
49695021-29,K55105B77440
620-69-196475,KR5105AR4478
49801424-34,K55216BR7300
6145-7411,KR5365AS5040
06143721-099,KR5233933732
389–0705–9923-8,K55301DD9975
700–7083–6061-5,KR5234AA3465
791-37-394070,KR5368151027
025-70-234415,K55105C31452
7057-9657,K55301B16187
032-06-523913,KR5205618428
353322-860832,KR5103314146
129-56-801294,K55107D93928
5060-7352,KR5101AQ4986
951-49-138188,KR5210AL6281
0080-8432,KR5235697111
114-54-676040,K55368BR0681
77928677-030,K55223C02645
35951516-802,K55210B80509
98225420-75,K55301C23538
691346-945441,KR5303500353
922-83-065312,KR5235AK9766
669–6108–3331-5,K55366B44679
83008780-767,KR5102154410
41863502-49,K55206DR3895
373282-117191,K55101BT7421
79825161-85,K55210C33183
649456-581888,K55236C56338
145013-092661,K55210DS1546
69879837-63,K55107DJ4661
22601010-07,K55366C87650
13772543-60,K55234C19729
91763491-88,KR5307AQ2420
941348-199285,K55105BX3404
5086-8132,K55213DI3400
35269426-743,K55311BV9742
707–5647–4984-8,KR5101190415
44887696-82,KR5102393562
2314-4394,K55303D98260
906-53-899499,K55223BH6453
241-28-213672,KR5370AP9972
748–1450–6538-8,KR5223995923
628-84-219333,KR5105173391
7294-7868,K55105E24073
037–6982–5425-2,K55234DU1908
26638587-087,K55306DL9707
025-70-234415,K55101B79148
44350100-96,KR5312996360
1153-4298,K55454C64380
69736784-623,KR5102732926
281–0077–4181-9,K55230B58362
74503954-279,K55365DH5816
58000010-73,KR5213AC0035
856-47-723955,K55232C70262
32527268-129,KR5101AT3548
535175-006138,KR5210821322
93672354-228,K55244C06006
91763491-88,K55101D59815
541-19-468083,K55212BB8573
022–0704–3376-7,K55203C17496
562–8321–0989-3,KR5232AY2032
205–5331–1785-9,KR5209AQ0589
794-23-035836,KR5234772196
947-27-757179,KR5237AT5656
621673-673522,K55101AZ9503
53645403-00,KR5105926038
375–0690–9868-9,KR5101190464
478-68-954915,K55228CU8878
546539-300908,K55301DI1530
271-26-260768,KR5227535766
5877-8627,K55301DY0649
892–0797–0578-8,K55209DZ4908
89257143-34,K55301DQ3577
080-87-212275,K55104BA3550
85005738-24,K55105C31361
19570427-61,KR5235AQ3532
4895-5581,K55301B50947
94912359-080,KR5210AB4072
6134-8260,KR5104AI5394
2559-3347,KR5232766885
62380504-802,K55207BT7606
9310-2574,K55236C56429
446-18-547257,K55210E07555
325–8883–1176-8,K55105E23943
542-24-809860,K55301B86172
489-72-229610,K55223B07083
618–3336–2937-3,KR5223174891
1132-9572,K55107DC0054
017-70-578764,K55229DK5247
906-53-899499,K55370BU1821
3536-3120,K55105CG4576
471827-794898,KR5102AU9590
860677-355912,KR5214781738
944–3598–2550-0,KR5102693235
3595-1573,K55230DF1208
898–1091–7068-2,K55203B50697
935–1451–2545-4,KR5103990622
0666-4982,K55105B33427
90542495-945,KR5101169666
7222-8217,K55232C70296
906840-364420,K55210B19853
025811-473905,K55105BT9738
876011-745290,K55224E37868
001-63-550645,KR5301AC8965
3536-3120,K55223E05289
500931-051536,K55210DB5165
09533935-668,K55236CW9734
906-53-899499,K55310EB1964
440–2737–3732-9,K55302BU0040
31843368-465,K55214DT2366
81999842-58,KR5203778802
64729240-98,K55235B96080
814275-443277,KR5301266130
464934-390256,K55364BF5787
92917054-10,K55216DS6572
724-14-585025,K55240BJ4653
07829656-64,KR5223192638
09656286-41,K55223C29895
2604-4821,K55101BY4645
07532321-168,K55364BF5738
29104941-95,K55366BT9385
31496684-203,K55364CF6875
77657991-31,K55301BY4395
478-68-954915,K55213DU6894
989–2611–3525-1,K55104CC7384
81999842-58,KR5223AP5466
76690231-791,KR5223174941
67378090-575,K55210E15681
624-14-061950,KR5203569102
830646-493086,K55232E30429
7018-6962,KR5303295558
532-21-090762,K55228BT5316
869-08-936273,K55301BV3101
72965249-39,KR5207AV7324
18296934-099,K55232BI9745
86608602-410,K55301B85414
037–6982–5425-2,KR5240AY4558
3434-1848,K55206BF9369
96447423-08,KR5105452860
077–9935–0175-1,K55213BY9672
855961-203492,KR5225760903
86532979-13,KR5235AB4743
22307609-44,K55239D76643
5490-9188,K55101BK6836
21312073-427,KR5301AP0470
3540-4286,K55301BB3675
22994316-00,K55306BL1011
360–6880–0688-6,KR5223AG1730
29222309-57,KR5104AW2518
21972261-77,K55105DW4146
5866-7914,K55216BW0928
74672915-317,K55206DR3796
13772543-60,KR5105AO2897
230302-025525,K55302E01744
9825-9471,KR5103991604
549791-477974,KR5212AZ4965
81428145-58,K55302CE8828
546–7271–9563-4,KR5229595370
48323716-20,K55244C06063
092-02-068244,KR5105924413
647853-610545,K55232E86629
8022-8467,K55223DM9730
55738339-248,KR5215203401
20805818-18,KR5229965961
377-81-712364,K55301BG7119
2314-4394,K55302CE8141
732–4973–2079-3,KR5303AS5953
271-21-238996,K55105BC3730
360–6880–0688-6,K55311B67775
35269426-743,K55210CY0996
709–2015–9478-2,K55306DW8466
37616231-79,KR5301AL4385
565010-766640,KR5232AV9519
250–3976–7745-2,K55210DY3155
375–0690–9868-9,K55303CX5382
794-23-035836,K55206B65417
740–1165–2435-4,KRM301AR9504
73343563-058,K55210D13324
402-27-380980,K55105B33468
69933851-12,K55229B68298
44091270-21,K55301C22928
139-64-075145,KR5101AQ4556
505–9870–6272-5,KR5225661317
03355597-75,KR5101610651
90300518-16,K55301BA7016
18296934-099,K55105C71698
93518844-893,K55105BA2361
4387-5235,K55102BL2924
852-18-831177,K55229E41307
44447146-187,K55301DT5025
4997-7015,K55205AJ1893
49695021-29,KR5105819183
749–4332–2027-8,K55306BO8682
1232-6001,KR5306814785
930-90-661065,K55232E30643
435-56-352463,KR5223941919
213-03-283421,K55101BD5720
015-37-868273,KR5101536294
879–6537–3395-9,KR5363AG1219
307782-878880,KR5307714984
069-66-726397,K55366C87528
3709-6175,K55105B00780
114-54-676040,K55234DB1208
022–0704–3376-7,KR5223AW8321
50901884-154,KR5219348236
231993-867199,KR5235AF3964
948880-122494,K55107DC1011
5528-8893,KRM301AI3938
353322-860832,K55105BX3362
72817895-78,K55232E30577
88020664-28,KR5230AC4523
721-96-486275,K55223BY3673
253–0438–5223-1,K55366B28961
111-73-976946,K55306BC9668
6960-4949,KR5233933690
124281-326338,K55105CM3463
1372-3925,K55305CY9530
535175-006138,KR5301694034
9271-2143,K55105EB2359
06264867-86,K55223DL1233
23249341-35,K55301BL1560
307782-878880,KR5209A34670
41863502-49,K55104BT9788
3649-8618,KR5366AY7237
471–9068–4432-2,K55105B21950
814275-443277,K55223BL2464
86608602-410,K55105D05538
960-17-231460,K55229B06504
1591-4147,KR5210895227
037–6982–5425-2,KR5227540642
29739358-897,K55104BA3550
836332-038054,K55102CY5525
546539-300908,K55301DG0369
3798-8817,K55232BA2912
4546-5316,K55105BH1010
5575-7467,KR5232AP1076
869-08-936273,K55104BW3695
364223-020823,K55226DN0321
423-57-633886,KR5101964199
827227-745190,K55223BH6487
5868-3191,K55104BQ5664
0654-8904,K55234AZ6418
4843-8789,K55206D38766
209-55-320679,KR5104963925
01097423-71,K55105D50518
02544489-24,K55301BL1370
205–5492–5385-3,K55365B32379
26638587-087,KR5101964520
63684092-64,K55301DM9925
9807-8795,KR5219486374
098176-925887,K55223BG7403
0477-6997,K55303BC2872
159007-322083,K55223BH6487
748–1450–6538-8,K55230D80990
935–1451–2545-4,KR5210AP8408
046–3316–3135-9,K55303B16910
532-21-090762,K55206C11286
091516-456453,K55234BN3624
624-14-061950,K55213DU6845
196–3126–6137-6,K55229C36780
018475-885599,KR5210A43042
464934-390256,KR5101995805
855961-203492,K55206CY3103
532-21-090762,K55203B30483
2079-8610,KR5230762225
7977-4895,K55210B13328
11158880-932,K55210DS1553
281–0077–4181-9,KR5236AH2906
40405218-76,KR5301536177
9118-2233,K55105B47237
20682617-05,KR5105AQ4479
241-28-213672,K55236CW9593
405-79-113430,KR5104796507
271608-274369,KR5217285505
4008-2360,K55213D57853
9292-8478,K55214DT2317
359-86-019653,K55234BY3761
3536-3120,KR5205283249
248–8062–6494-2,KR5234763740
250-35-088431,K55213DU6829
353322-860832,K55229BA8807
098176-925887,K55105BF5591
5988-3968,K55303CX5424
114-54-676040,KRM301343492
257–6075–8438-5,K55301BV2822
11929801-04,KR5236A93174
0303-9109,KR5205723558
310–7609–5128-8,KR5104AX5882
628-84-219333,KR5237188283
230302-025525,KR5232564082
780785-935960,K55205B19598
20264304-812,K55214DP1925
364223-020823,KR5223AF8942
28421296-17,K55213CU5079
045–4306–5399-6,KR5370AQ0061
25820658-789,KR5303295566
836655-368046,K55107DR8597
098176-925887,K55210DS4375
1400-3329,KR5301917856
068554-764931,K55232DL6835
431–8114–9252-1,KR5210998815
426–6012–2857-8,KR5102961020
765–1037–0720-9,K55210CI0335
245094-921679,K55234BW8747
464934-390256,K55223CJ7839
467416-536245,K55301BC4953
749–4332–2027-8,K55301DQ3577
069-66-726397,K55301BN4232
6907-2128,KR5301AL4385
09656286-41,K55232DI0627
147-46-926332,K55232E15560
124042-011038,KR5229AI1054
0069-0207,KR5105AU4135
18356749-362,K55223DU8344
17791390-285,KR5206A31649
248–8062–6494-2,K55234CJ5590
440–2737–3732-9,K55107BU7844
924425-126548,K55306BF1431
863-96-651283,KR5207804612
29739358-897,K55310BZ6992
412-75-037169,K55101CS2265
01167029-137,K55210C33233
549791-477974,K55228CZ2363
82755515-689,K55210BT8617
207–7617–5277-7,K55105DR1578
145013-092661,K55239BB1312
621673-673522,KR5101AR6253
28068905-05,K55232BT6789
936939-993002,K55105C39349
876011-745290,K55101BW4969
932912-751043,KR5219662834
27260469-950,KR5210AQ8134
090560-973563,K55210DB7351
95266979-58,K55105CG4626
997317-011669,KR5105298768
145979-931421,KR5213164365
07532321-168,KR5105AW5825
794-23-035836,K55306B53577
65476837-13,KR5105AW5866
005-14-498113,K55223CX6619
5060-7352,KR5227564873
348-99-410115,KR5301266130
876011-745290,K55107DS7663
14909997-75,KR5240AQ1521
841547-591835,K55365DR8727
064–3998–8126-6,K55213E53330
231993-867199,K55235DI6951
602–3194–4722-4,K55209BV6883
40405218-76,K55102CD1693
848–3158–5548-0,K55223BU8650
143531-214935,K55107DC0096
936939-993002,K55364BQ3193
426–6012–2857-8,KR5301AC8957
848–3158–5548-0,K55309C96693
98806970-48,K55366BU2858
77928677-030,KR5215207196
345826-708036,K5M303BL1755
3434-1848,KR5210652495
213-03-283421,K55105BM4843
425–8694–3837-3,KR5105459915
68455433-74,KR5303295525
2314-4394,K55303DN1721
4756-7624,K55105CG4766
03572721-578,K55224DL7130
0363-0435,K55105BF5575
8128-1453,K55232D94716
791-37-394070,KR5101190449
124281-326338,KR5104AM7188
505–9870–6272-5,KR5302AL1497
532-21-090762,KR5373158744
57703722-844,K55364CF6933
147-46-926332,KR5301A71263
147-46-926332,K55302C20391
230302-025525,K55223CY8333
935–1451–2545-4,KR5104A16688
3225-9937,KR5223912100
92518861-536,KR5235AF3865
21042763-309,K55105CS5181
19570427-61,KR5365156193
27895971-919,K55232E30890
582-07-993607,KR5302AX5643
85005738-24,K55306C64283
1915-4293,K55214BH1190
05607883-867,K55365B94841
562–8321–0989-3,K55366B36253
669–6108–3331-5,K55301CD0355
110–3582–8826-2,KR5370AP9964
345826-708036,K55210B57846
34959038-313,KR5235997461
84014318-87,K55234BX0537
906-53-899499,KR5301AC9047
22307609-44,K55301DT2923
359-86-019653,K55228CR8725
6145-7411,K55232DI0742
752–1267–4281-1,K55214CS0677
02373826-37,K55216C54061
541-19-468083,KR5105961050
906-53-899499,K55232BT6771
478-68-954915,KR5223AQ6729
961–6628–4488-3,K55302B39617
241-84-312030,K55232DA1300
93232136-295,K5M365CD3185
6934-1139,K55232BS9230
4895-5581,K55363BR2401
379-47-760474,KR5217AQ1199
139-64-075145,K55104C22108
276766-469489,KR5206AQ7272
7101-6501,K55228DC7517
618–3336–2937-3,K55224E13075
96447423-08,KR5301985028
466-19-144958,K55223BH8137
069-66-726397,K55105BV3844
04084792-704,K55105B58093
01167029-137,KR5366876864
797117-646248,K55365EA0417
935–1451–2545-4,KR5234682189
5354-7736,K55301BR5516
7328-8383,K55105B25001
79825161-85,KR5103972950
3595-1573,KR5105AW5825
22601010-07,K55232BV7585
416257-975923,K55301B42951
603–1960–7103-1,K55206B72306
780785-935960,KR5206927984
525-54-367003,K55223CX6825
8378-1473,K55302DG7470
7018-6962,K55244D55761
853–6154–3898-5,K55223E98490
804–2598–2677-6,K55240C28198
763691-126050,K55234BW8747
83903637-272,K55234BM6313
789-60-751229,KR5235690751
804–2598–2677-6,K55213D57515
541-19-468083,KR5101336349
11065997-06,K55223DE5761
069-66-726397,KR5229221134
8941-2601,K55105BW3298
6907-2128,KR5105298719
9034-8909,K55232B68151
276766-469489,KR5235AB4818
37336133-67,KR5105AR5301
500997-002208,K55223B07075
14599064-157,KR5101AH4888
18242596-303,K55301DF4131
988718-074278,KR5232564082
936939-993002,K55223DB5764
257–6075–8438-5,KR5301290239
836332-038054,KR5225735913
368880-820189,KR5301613349
238959-979328,KR5212AP2078
5601-4717,K55301B94606
814275-443277,K55365D69401
982313-924393,K55210D50672
0343-4625,K55107BU7844
9807-8795,K55301BB3865
48323716-20,K55232BU5812
47646559-174,K55244CC9670
365–9198–0015-4,KR5225189749
119-35-022940,K55301BW0635
1915-4293,KR5236267161
446-18-547257,K55301CQ1507
088946-441637,KR5206524542
29104941-95,KR5101995821
989–2611–3525-1,K55365BT3652
2079-8610,K55224BC7489
44887696-82,K55366B28961
982313-924393,KR5366866113
99546275-11,K55355BE4238
4756-7624,KR5301A94570
82009831-07,K55206BN8981
590-33-232369,KR5104163039
91182812-209,KR5216AL4611
957606-261441,KR5236AN1033
262-31-023366,K55302CE8836
098176-925887,K55364BV4103
50901884-154,KR5105159168
72817895-78,K55234BX0537
09157354-29,KR5233638166
19897556-06,K55232DL6892
922-82-495713,KR5301461814
06264867-86,K55301BB3857
28421296-17,K55216C54095
201–3630–0102-0,K55301C33586
14322092-49,KR5209AQ3062
36779182-139,K55210CV2326
37259327-018,K55105B93108
49348855-95,K55101BV9613
767674-458974,K55301B59641
840793-927913,K55102BW7136
201–3630–0102-0,K55105DZ2782
603–1960–7103-1,K55223CN9417
421927-510305,KR5235480351
079-29-925009,K55214CA1311
630-07-547492,KR5210A76216
8378-1473,KR5213AE6394
110-23-630835,KR5232960355
9216-9188,K55210CE4950
695–8007–2025-2,KR5104163096
974-62-643786,KR5234782229
70328436-601,KR5307AV7174
93576216-65,KR5223988191
88020664-28,KRM303732650
658–1202–9184-8,K55301BX9973
11929801-04,KR5206AR1993
353322-860832,K55105DK2920
248–8062–6494-2,K55105BU1211
270232-578103,K55365DR8727
500997-002208,KR5105797835
446-18-547257,K55101BX3994
924425-126548,K55223DD9814
271-21-238996,KR5105AK6280
31496684-203,K55301BL1388
939851-951805,K55105BV3851
44940276-692,KR5206193033
668-67-619272,K55102BC9730
323188-497035,KR5228142109
35967223-626,KR5365156367
246996-432360,KR5223923057
9750-2366,K55207DS1954
4387-5235,KR5306814785
044961-978299,KR5105AR4106
14685876-823,KR5203361229
095–0151–9208-0,K55309CD3724
80596785-262,KR5301AK2125
00594065-78,K55366BU9580
259517-428809,KR5229393842
466-45-509807,KR5235996778
1787-6521,K55105BV6805
42679703-53,K55210DD5221
339494-950350,KR5206352894
489-72-229610,KR5223744883
00144528-368,K55102C00579
707–5647–4984-8,K55213E53306
020311-496729,KR5210766014
230-71-279292,KR5105806354
09656286-41,KR5235690769
07890618-745,KR5210970319
99553245-649,KR5104736107
120-01-677685,K55232DH9827
767674-458974,KR5107AV0411
84714210-94,K55228CZ2413
380–6921–3279-7,K55223E14745
37259327-018,K55366B34217
630-07-547492,K55223DL1233
230302-025525,K55223DJ2862
624–3845–7089-8,K55302BU0115
758-10-961519,KR5365AJ4416
244–3731–9546-1,KR5301290395
628-84-219333,KR5105991966
29104941-95,K55232E31278
064–3998–8126-6,K55303BA2254
7018-6962,K55203D10366
285-52-339020,K55216BT2994
647853-610545,K55363DV6974
853–6154–3898-5,KR5101995805
077–9935–0175-1,KR5370AF1906
346–2511–0236-0,K55301CW6409
13772543-60,K55105D45260
92437310-57,K55101DZ9039
72481549-32,K55301DW7760
982313-924393,K55230D81055
465–5873–5766-3,KR5366A22186
694-47-519343,K55301E64819
359-86-019653,K55214DT2416
6886-2629,K55224C76936
8941-2601,K55101C35437
245094-921679,K55101D58650
624–3845–7089-8,KR5105173383
99546275-11,K55301C99199
965–6909–4676-4,KR5301699561
69907736-32,K55302CE8539
0654-8904,K55107DR8647
139-64-075145,K55206BL0444
478-68-954915,K55234C19737
691346-945441,KR5105AI2739
74503954-279,KR5301544783
06275886-03,K55105D36442
439-68-064927,K55209DJ4833
9216-9188,K55301D28451
35278556-416,KR5225A16798
040726-552086,K553N9E27494
7956-2976,K55210DS1504
184-36-446637,K55235CX1210
9825-9471,K55102E62492
860677-355912,KR5370A96109
80596785-262,KR5105AT1126
5354-7736,K55210C26096
491–3201–3217-7,K55244DA7030
057177-785186,K55370CU3222
077–9419–7196-5,K55223C30042
124–0930–8448-4,K55105BU1807
71890585-02,K55223BN7354
124–0930–8448-4,K55105B00921
838314-692137,K55213DB5907
412-75-037169,K55210E10195
944–3598–2550-0,K55213BU7100
458-66-048596,KR5107AP4585
2559-3347,KR5101854507
879-08-306270,K55365B47054
8480-7459,K55232DH9744
997317-011669,K55223CY8531
06264867-86,K55301BV2442
669–6108–3331-5,KR5301962530
471827-794898,K55301BP6433
42393350-99,K55306BO8666
880-75-105745,KR5321AP8891
787–2064–1450-1,K55301DW7752
09533935-668,KR5101612871
58770203-51,KR5301AC1424
658–1202–9184-8,K55321DB5385
541–3132–0225-2,K55105DS4993
06141965-589,K55206BG9335
32179418-056,K55105BU2037
091516-456453,K55216BY4753
34959038-313,K55301C23199
06143721-099,KR5301472449
61003609-076,KR5212556728
489-72-229610,KR5101314080
7328-8383,KR5223156716
858-09-172815,K55105BT2527
787357-133049,K553J1DC7934
78529483-44,K55213DS2616
7223-8822,KR5370AP9980
2604-4821,K55216BX1495
13772543-60,K55206E15176
080-87-212275,KR5101786493
480-30-333809,K55213BO0616
077–9935–0175-1,KR5206610838
748–1450–6538-8,K55232DG8812
017-70-578764,KR5210AJ6780
025-70-234415,K55210BU1676
196–3126–6137-6,KR5235AC9485
139-64-075145,KR5363A25780
07426759-71,K55363BR0520
903827-599704,KR5210A96222
630-07-547492,K55216CJ4108
95786655-89,KR5104AD9565
66983203-516,K55301DF2150
639-88-974791,KR5216AQ6249
143531-214935,K55105BU1211
44350100-96,K55207BU7140
358-46-409260,K55232D95333
040726-552086,KR5232AY9284
55176786-814,KR5209AQ0399
879–6537–3395-9,KR5209AS7442
787357-133049,K55363B55060
351487-717069,KR5102AU1308
546539-300908,K55213B35226
980–3119–6218-8,K55213EB8520
794-23-035836,K55206DW9275
2534-3021,KR5301982918
1400-3329,K55223D45006
922-82-495713,K55223CY6725
416257-975923,K55223DJ3076
618–3336–2937-3,K55105E78590
932912-751043,K55236BP1210
86753447-06,K55210BU1791
1153-4298,K55206DK1383
44887696-82,K55232E66753
505–9870–6272-5,K55239DU4253
07829656-64,K55101E12119
588535-764609,K55232BA3084
997–7686–9929-8,KR5235AP4036
060–2912–8422-8,K55101B79205
707-06-670577,K55213D57622
01167029-137,K55105CS5199
120-01-677685,KR5206AD2096
9696-1417,K55301BH0477
060900-438114,K55301C25806
04084792-704,KR5232AY1943
374–9320–7439-8,KR5105AQ4479
691346-945441,K55101BV0901
271-26-260768,KR5223A71731
7222-8217,KR5210468637
944–3598–2550-0,K55213BZ0712
02544489-24,K55101C12923
651639-225834,K55307BB2911
997–7686–9929-8,KR5301760330
8116-5787,K55101CU3632
374–9320–7439-8,K55210DT0687
060–2912–8422-8,K55224DB9237
65234069-61,K55301BV2574
66983203-516,K55232D64727
892–0797–0578-8,K55101CI9601
787357-133049,KR5302AX5643
25516338-81,K55212BV6730
602–3194–4722-4,K55107DS7663
611540-208606,K55213BO0517
91182812-209,K55216C54061
90542495-945,K55223C02611
6145-7411,KR5105AK6371
24315858-488,K55101E19387
47646559-174,KR5213AE7459
826-09-513084,KR5225590490
856-47-723955,K55105CU9429
271-21-238996,KR5303AV1015
00144528-368,K55244D97813
421927-510305,K55216BR7300
0069-0207,KR5230AC4564
244–3731–9546-1,K55226DN0412
32527268-129,KR5101717738
55936753-07,K55101DN4471
44447146-187,K55107DT8736
107982-561868,K55206BS8614
341–7669–0156-0,K55105BT6528
380–3880–9627-6,K55232BA1872
201–3630–0102-0,K55210BX0329
6484-2736,KR5210285262
020311-496729,K55301BV2483
6065-7097,K55203DR4847
386160-657670,KR5210175067
86753447-06,K55301BV2830
53626823-930,KR5105656023
446-18-547257,K55302CE8539
49695021-29,K55365DR9212
412-75-037169,K55102CD1727
420085-661975,KR5207760095
1915-4293,K55203B50713
549791-477974,KR5101814980
124–0930–8448-4,K55105CM3588
906-53-899499,K55210E01376
4895-5581,K55303DN1648
80667969-05,KR5303A95193
74503954-279,K55234B74734
885–8277–3291-6,K55311D54126
603–1960–7103-1,K55102C13283
26638587-087,K55224BC7505
9226-8744,K55101C70822
205–5492–5385-3,K55301BB3832
99546275-11,K55232CJ5196
99546275-11,K55223CA6376
700–4796–6416-1,K55213B39301
86392216-60,K55303BT4135
5354-7736,K55105B78737
565–9049–7951-6,K55101D34156
997–7686–9929-8,K55306CM2942
17791390-285,K55302BU0016
8480-7459,K55223BH0753
77104574-44,K55301BX4305
17224984-14,KR5104523679
07426759-71,KR5307AM2051
922-83-065312,KR5363AY5382
350–8719–3147-6,KR5363AU6590
9195-4191,KR5223AE0627
99683170-87,K55223D07642
749–4332–2027-8,KR5311176865
6134-8260,K55206BS8614
026-01-021802,KR5230337945
706-80-042454,K553W5E17401
74503954-279,KR5107AT8731
707-06-670577,KR5212AE6841
880-75-105745,KR5206853842
02373826-37,K55306DH4787
833–2848–8054-7,K55101BD5159
1372-3925,K55216BY4753
06264867-86,KR5209958994
860677-355912,K55234CB1845
89726362-05,KR5105466738
9118-2233,K55207BV6174
209-55-320679,K55210DJ9466
21027222-335,K55301BS3437
23249341-35,KR5301985374
120-01-677685,K55223CO5661
005-14-498113,KR5234692121
945365-763338,K55210D52512
4293-3000,K55235B39734
59136542-261,KR5237737600
461–1760–0555-9,KR5370AQ0103
17224984-14,K55309C96693
915-22-424118,K55206BJ0752
4843-8789,KR5223765805
986-27-660389,K55232BA3191
09656286-41,K55244D86428
80596785-262,K55239C57090
458-66-048596,K55102CA9608
092-02-068244,K55107BU7828
04084792-704,KR5213AI2340
05014884-62,KR5212536084
924425-126548,K553N9C64913
6484-2736,KR5235AP3913
666–9916–0037-7,K55105CR8541
161-57-895975,KR5102AQ3342
76573514-730,KR5230AP3702
9931-8374,K55301BU3391
69933851-12,KR5206577896
339494-950350,KR5228AQ1808
29222309-57,K55232E15461
4878-8684,KR5206738712
611977-053922,KR5232564157
9750-2366,K55232BU4641
6145-7411,K55234D60986
057177-785186,KR5234AW1513
936939-993002,K55223D45063
1400-3329,K55307D32500
420085-661975,KR5107AV0429
927-04-287479,K55301B25428
03355597-75,K55105D61267
839-23-828521,KR5301481150
145979-931421,KR5215207196
9682-5743,K55240CK6571
695-93-559116,KR5105AR4676
398–7275–8789-1,K55301C99207
249-46-117445,K553J1DC8007
787357-133049,K55224BT5344
787357-133049,K55303BA2239
281-96-286019,K55223DJ9644
49348855-95,KR5107675799
903827-599704,KR5234654378
06275886-03,K55223B69885
81428145-58,K55223DJ3019
1310-7903,K55224E73350
582-07-993607,K55232BA3464
855961-203492,K55206D33312
95266979-58,K55210B57804
145979-931421,K55213CY2338
426–6012–2857-8,K55102B42854
2353-2411,K55301CG5203
5988-3968,K55306BF1399
781–3221–0927-8,KR5105AT1035
738–5135–2434-7,KR5103570762
876011-745290,KR5206853842
352-63-044077,KR5102AR2285
29460992-82,K55305CY9464
277–9206–3753-1,KR5223AQ1688
090560-973563,K55301BW0148
503-26-176979,KR5210964064
855961-203492,K55104BQ5631
163990-515643,KR5301569608
4756-7624,K55213DU6753
969963-624062,KR5303AX6681
826-09-513084,K553N9BX4155
107982-561868,KR5370AF1971
0654-8904,K55301DR7981
23089154-83,KR5209274657
325–8883–1176-8,KR5301AW7195
8666-5524,K55223BP4110
874–2803–6164-0,K55232BA3415
647853-610545,K55301BV2582
43188995-715,K55301BU3623
8206-0953,KR5236A93075
500931-051536,K55301CH3249
2184-9670,K55244D86444
2751-1171,KR5107AD2377
377-81-712364,KR5101887697
14685876-823,KR5105AH7622
033600-280125,KR5105AA4477
48323716-20,K55207B75687
29222309-57,K55223BR9000
045058-734381,K55301BS3486
22601010-07,K55105CS5819
145979-931421,K55101D20742
4843-8789,K55236BP1277
826-09-513084,K55301BV2962
853–6154–3898-5,KR5236AP7533
944–3598–2550-0,KRM303AP8183
80596785-262,K55207C76188
03572721-578,KR5210964361
111-73-976946,K55237B46677
0080-8432,K55210BB1000
9271-2143,K55232B81766
29222309-57,KR5363AP9187
80667969-05,K55212BV2754
56842876-12,K55214BX6066
592900-925553,KR5206539888
526–4982–0130-1,KR5223778931
738–5135–2434-7,K55105BW6762
212525-894683,K55301CC8763
277–9206–3753-1,K55210C54452
01167029-137,K55214DP2154
365–9198–0015-4,KR5206AQ7298
901–1073–0397-9,K55223DV1611
161-57-895975,K55232B81717
244–3731–9546-1,K55210DV3570
947-27-757179,KR5305702379
95266979-58,KR5234763740
3692-4297,K55213DE8981
69879837-63,KR5105AZ0385
315752-290695,KR5206A35541
47646559-174,KR5301AR4066
467416-536245,K55301CO4883
1591-4147,KR5207751292
4895-5581,K55364CF6966
95112494-92,K55105C31452
532-21-090762,K55226DN0412
083492-288398,KR5102318155
947-27-757179,K55363BU1259
54986895-890,K55368DQ9855
582-07-993607,K55207BE2539
26118039-624,KR5365AT8803
057177-785186,KR5229AQ6327
360–6880–0688-6,K55363DD7925
461–1760–0555-9,K55305CY9514
853–6154–3898-5,KR5230AP3561
71890585-02,K55223BV8089
205–5331–1785-9,K55223CN9359
459–9083–1949-7,K55101B60809
28068905-05,K55206CW7304
11929801-04,KR5210766808
64729240-98,K55105DD2150
869-08-936273,K55206B72421
345221-335934,K55307B90015
695-93-559116,KR5307725584
590-33-232369,K55301C98928
3798-8817,K55224B96613
836332-038054,KR5224813174
5490-9188,K55310BZ6976
37563387-11,KR5234761116
44091270-21,K55101B79288
532-21-090762,KR5206737573
618–3336–2937-3,K55105DZ2634
36030052-24,KR5207594882
48323716-20,KRM224640792
352-63-044077,KR5107AG3075
807–7413–4523-9,KR5225729973
07532321-168,K55210E07290
740–1165–2435-4,K55105CC3390
355–5187–7017-0,K55207DH2526
549791-477974,KR5105AL0316
23249341-35,K55301BC5182
73343563-058,KR5102961780
22601010-07,K55216BJ6088
40208998-91,K55102B74675
77657991-31,K55230DO6248
90542495-945,KR5306966148
9652-7015,K55213BC7565
398–7275–8789-1,KR5219844085
941348-199285,K55301BC5331
611540-208606,KR5105675312
40641290-281,K55212BZ8716
230-71-279292,KR5105926772
95266979-58,KRM226A18589
2751-1171,KR5216586465
111-73-976946,K55105DR1677
405-79-113430,KR5207825641
5877-8627,KR5366AT2052
497-79-481818,K55101CL1736
5086-8132,K55105CF5160
503-26-176979,K55366B34209
082601-686328,K55301BS2827
077–9419–7196-5,KR5223896675
655887-584850,KR5224AQ6819
69109881-69,KR5102732926
379838-972893,KR5230AY4220
40641290-281,K55105B67037
6065-7097,K55302BU7532
544-39-489513,K55107CC0345
090560-973563,KR5102860784
651639-225834,K55364BT2622
86532979-13,K55105B66567
86392216-60,K55213E26419
5877-8627,K55239B01637
34959038-313,KR5237AT5664
34959038-313,KR5237936780
466-19-144958,KR5105AO2731
27895971-919,K55305CZ1817
865–2221–8948-1,KR5101787814
77928677-030,K55224DL7361
97811986-10,KR5303295574
194358-544073,K55223BR9539
565–9049–7951-6,KR5210756502
787357-133049,K55223DJ6749
60693865-09,KR5212536084
794-23-035836,KR5235AC9451
90542495-945,K55223CT4982
54986895-890,KR5223AQ4781
7294-7868,K55216BR7268
592900-925553,K55206CE2406
22994316-00,KR5101AT3522
641-26-306904,KR5203AI3910
505–9870–6272-5,KR5105888402
119-35-022940,K55209B89189
25516338-81,K55223C89196
641-26-306904,KR5239A13697
060–2912–8422-8,K55237B91194
949–4477–3165-8,K55232C28930
244-35-325816,K55232BJ3697
32349681-91,K55239DU4261
9195-4191,K55301CW6425
05014884-62,K55368C41760
124042-011038,K55105D67108
741–8841–6669-5,K55105BA0787
649456-581888,K55203C23478
160–1048–1429-2,KR5107AP4510
431–8114–9252-1,KR5207AW8081
3798-8817,KR5234AS6609
90542495-945,KR5107273207
797–8832–6230-1,K55364C93737
248–8062–6494-2,K553N9BU5494
040726-552086,K55102C00470
00144528-368,K55232E17012
098176-925887,KR5105992766
252-91-175889,KR5223290762
541–3132–0225-2,KR5301A53204
901–1073–0397-9,KR5210AG4754
40405218-76,KR5105981132
89257143-34,K55302BU0123
405-79-113430,KR5217582075
025-70-234415,KR5105A22139
26118039-624,K55105BT2048
80596785-262,KR5103232181
0654-8904,KR5363AH7926
738–5135–2434-7,K55206CE2455
505–9870–6272-5,K55364C93711
32179418-056,KR5301AO4994
6784-3729,KR5105905685
156–9677–3386-0,K55223CN9425
18356749-362,K55363BG8641
095–0151–9208-0,K55101BS3579
65647747-78,K55364BQ3201
17791390-285,KR5213AE7442
114-54-676040,KR5223683503
213-03-283421,K55229B93700
4378-2795,KR5209AV4725
49695021-29,KR5301AN7337
734–4005–2292-1,K55230B58446
988718-074278,KR5366AY7328
989–2611–3525-1,KR5107A09793
63684092-64,K55228CZ2355
241-28-213672,KR5205676871
8128-1453,KR5223AQ2488
86392216-60,K55310DG8056
020311-496729,K55234B81804
262–0920–6342-8,KR5219732801
988718-074278,K55107BP3402
4756-7624,KR5363AP9088
2751-1171,KR5213AC4425
92917054-10,K55105C59875
92917054-10,KR5103851311
61003609-076,K55210DR1299
957606-261441,KR5233515596
77928677-030,K55232C84701
401324-939797,K55232CC8882
780-22-410359,K55229B68306
46044137-197,K55105BA5851
86392216-60,KR5227537945
69940390-265,KR5223AE3357
19897556-06,KR5235AF3873
9034-8909,K55223E14869
41171877-80,KR5237798479
3798-8817,K55301B25345
66983203-516,K55229B06579
632375-428679,KR5301987008
852-18-831177,K55105B93348
532-21-090762,K55223E85687
386160-657670,K55301BV2442
751–0674–3749-3,KR5232142392
476337-390580,K55216BX1503
7328-8383,K55301DS3146
364223-020823,K55223B31323
32527268-129,K55321DT7985
383524-881209,K55236BD4317
358-46-409260,K55104CK0157
110-23-630835,KR5105AU4143
41171877-80,KR5105AT9152
827227-745190,KR5206AD2047
7101-6501,K55210BB1539
69907736-32,KR5212940575
145013-092661,KR5363298328
287–6687–6121-4,KR5366876856
91182812-209,K55306DL9574
88020664-28,K55223BN6539
8128-1453,K55213BA8847
466-19-144958,KR5207AA6156
471–9068–4432-2,K553N9BX3744
84753446-40,K55210B97412
67378090-575,KR5307662316
42393350-99,KR5301AZ0973
60516966-46,K55207D77416
949–4477–3165-8,KRM303AP8183
194358-544073,K55105B77713
978365-600759,K55105BC3789
837-19-308128,K55216BT4289
2559-3347,K55213E26476
7328-8383,KR5232AH5119
09157354-29,KR5101AQ7880
957606-261441,K55310BZ6968
990409-324535,KR5102AX4630
4714-8806,K55207BO0143
235720-830758,KR5105992105
145–3254–9074-4,K55213E15917
06264867-86,K55232B30920
986-27-660389,K55232D13757
2802-9928,KR5223AL9835
3373-9477,KR5232534713
1591-4147,K55105BU1344
505–9870–6272-5,KR5209785538
375–0690–9868-9,KR5232260830
07829656-64,K55101CC5621
060–2912–8422-8,KR5302611466
022–0704–3376-7,KR5370AH3926
310–7609–5128-8,KR5228762344
706-80-042454,K55236BD4317
231993-867199,K55366BU4250
325–8883–1176-8,KR5237188259
14909997-75,K55224DL7130
44940276-692,K55105BU1104
63684092-64,K55216BY4803
988718-074278,KR5101151284
018475-885599,K55230BT8068
090560-973563,K55105BB7476
4546-5316,K55232D13732
11158880-932,K55105CG4980
26562164-466,KR5203757871
775377-848582,K55240B70291
306-44-788899,K55216E42138
44091270-21,K55306B99331
668-67-619272,KR5102390311
383524-881209,KR5217A02290
27260469-950,K55365B32387
59859971-89,KR5302452853
48315467-70,K55206E15200
0666-4982,KR5105A22139
025-70-234415,KR5301970384
707-06-670577,K55210D07318
122-20-939201,K55223BH8160
129-56-801294,KR5228AH6501
865–2221–8948-1,KR5235AQ3615
5744-0125,K55101DF6443
345221-335934,K55306D97984
63684092-64,K55105DR1677
6145-7411,KR5101745309
9226-8744,KR5226AC6813
0363-0435,KR5209940703
190–3600–1671-0,K55214DT2390
080-88-861218,K55206BN9039
5283-5937,KR5306AL8977
706-80-042454,K55301CQ5235
92437310-57,K55234BN3616
21042763-309,KR5206735908
924425-126548,K55370D73569
5993-7091,K55105B36396
78529483-44,K55307BB7688
6065-7097,K55105CP4617
25129677-595,KR5229A44610
9931-8374,KR5234832016
836655-368046,K55366B44695
651639-225834,K55216BX1461
93518844-893,KR5301650812
080-87-212275,K55223E14745
1915-4293,K55107B38190
76573514-730,K55302B39609
480-30-333809,K55301BB3816
932912-751043,K55101BD5696
5877-8627,K55210C33233
336-39-353073,KR5363AP9096
257–6075–8438-5,KR5363AG8636
364223-020823,K55206E15168
40641290-281,KR5364AW9419
82755515-689,K55301DF8777
55176786-814,K55302CE8711
111-73-976946,KR5219842030
874–2803–6164-0,KR5235869710
234383-793053,KR5232766885
924425-126548,K55232C84636
44447146-187,K55229BC4358
077–9935–0175-1,K55301BL1529
427777-996243,K55365CK1225
565–7440–0690-9,KR5205516317
752–1267–4281-1,KR5223657473
23089154-83,K55232BU4773
40208998-91,KR5206539938
466-45-509807,K55216CJ4033
88110639-254,KR5365AX3808
09533935-668,K55301BL1651
86753447-06,K553W5E17393
213-03-283421,K55234BY1690
7223-8822,KR5213AQ0252
94788506-61,KR5223541420
10147790-77,K55102B00589
360–6880–0688-6,K55301B73618
3536-3120,KR5301AG0760
357–9954–1972-4,K55210BT8526
95266979-58,K55234CJ0955
459–9083–1949-7,K55301BX1137
5060-7352,K55365B32379
865–2221–8948-1,KR5237295310
8055-5195,K55105BT2386
830646-493086,K55210C26021
780-22-410359,KRM303AP8191
608005-007793,KR5364848311
62153886-738,K55240D58805
62441012-95,KR5104AR5088
695–8007–2025-2,KR5301AC6563
9226-8744,KR5301781526
18356749-362,KR5232960348
66983203-516,K55105CK0701
471827-794898,K55307CH8218
790–4243–4953-2,KR5102897315
27177661-14,KR5232260863
86608602-410,K55236C56338
077–9935–0175-1,K55306DL9681
74595261-909,KR5301AW5488
930-90-661065,K55206D33254
69940390-265,KR5301AR9164
095–0151–9208-0,KR5210AS3976
306-44-788899,K55234C19604
831334-983196,K55301BX4297
091516-456453,K55240C31119
898-11-715439,K55101DR6233
738–5135–2434-7,K55306E79949
37259327-018,K55301BR5540
3373-9477,KR5105926038
235720-830758,K55210D09421
86532979-13,K55105BS6255
379838-972893,K55307C01473
359-86-019653,KR5363940366
892–0797–0578-8,KR5230AC4556
09533935-668,K55364DH4414
8666-5524,K55302DG7678
214154-622370,K55307CH8242
6065-7097,K55232E30502
3692-4297,KR5104AU7147
666–9916–0037-7,KR5217771587
7956-2976,KR5213AC0035
62441012-95,K55301BA7073
86392216-60,KR5213AE6329
380–6921–3279-7,KR5209959034
721-96-486275,K55102BM9134
4833-0055,KR5217AO9038
25633982-468,K55244D55829
431–8114–9252-1,KR5217AH3188
476337-390580,K55232B20129
663-99-640333,KR5363AP6415
60909497-805,K55105DQ2171
751–0674–3749-3,K55104BA3618
92518861-536,KR5101190456
658–1202–9184-8,K55232E31195
29460992-82,K55229BF9842
270232-578103,KR5363A25848
06141965-589,K55102D42041
287–6687–6121-4,K55236CB3211
787–2064–1450-1,K55210DJ9466
7222-8217,KR5102677477
90542495-945,K55101DN1030
74672915-317,K55105BU5998
088946-441637,K55223BA4976
55936753-07,KR5224227557
420085-661975,K55232DI0759
416227-994243,KR5235A99629
95266979-58,KR5213AS0722
84753446-40,K55206DW8954
357–9954–1972-4,KR5227562166
020311-496729,K55101BV9761
164178-606887,KR5235478918
38673885-38,K55232E14977
81428145-58,K55213DC1434
480-30-333809,KR5210AQ0693
943-44-271558,K55216BW0928
721-96-486275,KR5101609273
6134-8260,K55203CY2827
936939-993002,KR5205AR8973
383524-881209,KR5104AU6925
24315858-488,K55232E31179
092–1787–1106-3,K55301BV9231
6886-2629,K55105B36545
89257143-34,KR5303295558
86392216-60,K55214CD4841
6134-8260,K55105B93645
92917054-10,KR5102AR8373
72817895-78,K55210E01434
69879837-63,K55232CJ5303
8055-5195,KR5230287025
287694-006381,K55101B38300
74503954-279,KR5212AV3144
77928677-030,K55105BA0456
924425-126548,K55373DA1069
421927-510305,KR5102539586
069-66-726397,K55105BR9839
190–3600–1671-0,K55232DL6835
794463-544498,KR5213956588
957–3012–5720-7,K55101D21021
91182812-209,KR5302AF5298
2314-4394,K55232DH9744
06275886-03,KR5217910359
2802-9928,KR5105A82604
190–3600–1671-0,K55236CW9734
616–8850–1939-9,KR5101568966
360–6880–0688-6,K55232BT6789
05607883-867,K55213DE8981
416227-994243,KR5225661309
377-81-712364,K55223DF4888
465–5873–5766-3,K55223BA7946
11065997-06,K55203DS8235
980–3119–6218-8,KR5209AO5663
935–1451–2545-4,KR5301555532
59136542-261,K55107DS7721
21042763-309,K55301B69897
184-36-446637,KR5237AB6340
34959038-313,K55244C54550
93232136-295,KRM301966573
98225420-75,KR5107AV0429
889–9110–4068-9,KR5207AW8081
07426759-71,K55224CR5428
44940276-692,KR5102897349
69907736-32,K55203E37508
040726-552086,K55105BF5567
608005-007793,K55307CH8119
48323716-20,KR5203AP8852
124–0930–8448-4,K55235CX1152
21312073-427,K55216DS6572
741–8841–6669-5,K553W5E03419
00144528-368,KR5302AF5348
4997-7015,KR5301AQ0354
25633982-468,K55370CU3248
43188995-715,K553J1DC7926
974-06-379210,K55213D18087
077–9419–7196-5,KR5229168855
452–5072–0886-1,K55368D36628
077–9935–0175-1,KR5366AY7310
590-33-232369,KR5210972141
60909497-805,K55301AZ7414
480-30-333809,K55232DI0940
2604-4821,KR5363A29352
960-17-231460,KR5301AL0631
90300518-16,K55305BF9328
03733449-05,KR5102536806
775377-848582,K55206DK1268
5993-7091,K55310DG8171
77928677-030,KR5105539013
068554-764931,K55105BZ5845
663-99-640333,K55105BF8561
547-96-990197,K55306DT1185
898–1091–7068-2,K55105DE9261
67063746-460,KR5105775740
624-14-061950,K55223DH1783
53626823-930,K55240D58714
25516338-81,KR5370A96125
114-54-676040,K55365B32288
2650-3802,KR5213654969
19570427-61,K55216BX1511
915-22-424118,KR5213676509
32939048-531,K55210DQ8394
89726362-05,K55303DI0100
81999842-58,KR5224AI7270
386160-657670,K55107DR8746
82755515-689,K55365BT4759
9931-8374,K55107CA4828
41283479-48,KR5102897315
372-60-842991,K55307DM1694
100–2356–8600-7,KR5107594107
18242596-303,KR5210AK0723
863-96-651283,K55366B28854
400806-738750,KR5232AP1167
238959-979328,KR5206803250
21323484-639,K55104CC0975
60516966-46,K55302BM1907
541-19-468083,K55237B46487
017-70-578764,K55301DU1781
951-49-138188,K55223C82027
339494-950350,K55364D00136
1400-3329,KR5210AP8259
54986895-890,K55223E14836
029-41-556747,K55105BT2196
67063746-460,KR5301AG8748
901–1073–0397-9,K55206DD2695
939851-951805,K55223CY8200
033600-280125,K55105D06700
358-46-409260,KR5365AR4556
752–1267–4281-1,K55210B09466
315752-290695,KR5216170161
1132-9572,K55301BW2052
017-70-578764,KR5104AR7464
6545-3013,K55365B94882
2604-4821,K55105BA7527
124–0930–8448-4,KR5206AQ7397
06495874-88,KR5105819233
161-57-895975,K55301CK8136
339494-950350,K55216DI5758
351487-717069,K55232CP3540
6784-3729,K55229BU7300
017-70-578764,K55230B06387
49801424-34,K55105BC9117
848–3158–5548-0,KR5103756411
6065-7097,K55301BV2574
856-47-723955,KR5209773724
21692830-23,K55306D94247
7222-8217,KR5203778851
35324396-712,K55368DQ9889
285-52-339020,K55301BB3741
471–9068–4432-2,KR5104541408
0343-4625,K55232D64578
056–1027–4474-3,K55223CY8630
022–0704–3376-7,K55355DU3055
9195-4191,K55105BT2071
03733449-05,KR5206AQ7330
72965249-39,KR5205678778
092-02-068244,K55303CV5152
122-20-939201,KR5104AG4027
29104941-95,KR5207826540
375–0690–9868-9,KR5103973065
24315858-488,K55203DS8250
944–3598–2550-0,KR5237AT4279
84753446-40,K55210CY1069
59136542-261,K55223BR5271
0654-8904,K55223BD7125
277–9206–3753-1,KR5105AW5874
62153886-738,K55365BC8296
707-06-670577,KR5213676509
19570427-61,K55236CB3187
364223-020823,KR5206960951
9652-7015,K55102B74683
1787-6521,K55301DT4887
046–3316–3135-9,KR5102684622
433191-625222,K55240C28172
0343-4625,K55223B05186
836655-368046,K55105BH0830
4756-7903,KR5373158694
06495874-88,KR5301AF3179
901–1073–0397-9,K55303B16951
88020664-28,KR5102A54345
11929801-04,KR5368989442
5877-8627,KR5105A86332
88110639-254,K55223BU8791
84014318-87,K55214CV1951
22601010-07,KR5301AW7302
67378090-575,K55223CN9342
276766-469489,K55223B34889
751–0674–3749-3,K55210DT2097
974-62-643786,K55240DY2458
763691-126050,K55306DW8474
04786625-909,KR5236A33352
32527268-129,K55307CH8150
582-07-993607,K55301BJ1374
466-45-509807,K55105D41822
033600-280125,KR5205AQ0617
412-75-037169,KR5210AQ7854
49316297-836,K55102C13374
69879837-63,K55301BC4805
56350641-15,KR5102AM1332
21972261-77,K55229BU8308
9682-5743,KR5305702361
145013-092661,K55216C14339
32425876-882,K55370CU3248
707–5647–4984-8,KR5107249595
262–0920–6342-8,K55237B91202
752–1267–4281-1,KR5206738183
525-54-367003,K55306CR0735
831334-983196,KR5104736115
81999842-58,K55223BG7254
17791390-285,K55370DV0119
250-35-088431,KR5105973360
068554-764931,K55223C56880
3434-1848,K55306DL5093
351487-717069,K55305BF9328
421927-510305,KR5225926827
787–2064–1450-1,K55234CB1837
246996-432360,K55105DS4860
72817895-78,KR5223AL8357
700–4796–6416-1,K55223DB4890
412-75-037169,KR5302AF9423
72481549-32,K55232BI7277
885–8277–3291-6,K55105C31429
163990-515643,KR5229AZ5492
111-73-976946,KR5105883122
83008780-767,K55235B39924
9216-9188,K55105BR3600
856-47-723955,K55301BK7840
694-47-519343,K55213BC2954
3540-4286,KR5301985416
371–0950–3262-3,K55232BA3035
079-29-925009,KR5101739526
781–3221–0927-8,K55102DS3824
794463-544498,K55105DM2779
379-47-760474,KR5216170112
0626-2624,K55365BC8262
50901884-154,K55105BC3748
0069-0207,KR5223AW2316
350–8719–3147-6,K55223E31855
360–6880–0688-6,KR5235690595
23906952-43,K55232CJ5170
69933851-12,K55311DF3834
7018-6962,KR5307AQ0515
402-27-380980,KR5102860784
791-37-394070,KR5301AL7354
73343563-058,K55301B47307
418–0611–3406-4,K55207D77416
271-26-260768,K55105DS5115
213-03-283421,K55240C31101
83008780-767,K55210DV3356
77928677-030,K55213E15776
740–1165–2435-4,K55226BZ7845
927-04-287479,K55228DC7483
975-04-776987,KR5234782229
33160982-830,KR5234620734
405-79-113430,K55223CO5539
544-39-489513,K55244E14527
271-21-238996,K55214DT2325
4378-2795,KR5104AU7006
249-46-117445,K55232DL3667
8128-1453,K55244DP1481
095–0423–7275-8,K55301E17478
60909497-805,K55234AZ6244
1680-1632,K55102CA9541
6484-2736,KR5301A94570
836655-368046,K55235C62874
3540-4286,KR5209773716
201–3630–0102-0,K55224B96597
241-28-213672,KRM301965583
44350100-96,K55206CY3202
6033-1280,K55105C31395
029-41-556747,K55235B40039
876011-745290,KR5101AT3514
858328-177307,KR5223AW1755
056–1027–4474-3,K55232DA8792
500931-051536,K55216BR7250
49457929-351,KR5235AG0746
01167029-137,K55105BU2169
43188995-715,K55301DF8777
8206-0953,K55223DJ0429
092–1787–1106-3,KR5206632774
5354-7736,KR5223154604
348-99-410115,KR5209AQ3104
44091270-21,K55101BA9725
07532321-168,K55228BT5316
14909997-75,KR5301519157
234383-793053,K55234B81804
65234069-61,K55105DZ2782
40405218-76,KR5105A38135
045–4306–5399-6,KR5232158570
749–4332–2027-8,K55102CA9566
787357-133049,K55104BT9994
276766-469489,K55301D91772
76573514-730,K55301B47307
14909997-75,KR5213949021
944–3598–2550-0,KR5101359440
125-20-018452,KR5205736022
62441012-95,K55206D33296
84014318-87,KR5102AB9114
858328-177307,KR5105AR7513
858-09-172815,K55223DB5673
99553245-649,K55206DK1284
348-99-410115,K55301B83427
906840-364420,K55306CZ0321
69879837-63,K55105B93488
383524-881209,K55107E69397
794-23-035836,K55214CD4833
20520613-673,KR5234676173
1153-4298,K55101B20308
049–5923–0973-1,K55301B96890
94912359-080,K55229BX1649
103–0770–3122-9,K55107DR8746
025811-473905,KR5223AA7626
3536-3120,K55223BW3816
190–3600–1671-0,KR5302AX4059
601807-667632,K553H6E00495
386160-657670,K55203DS8177
49348855-95,K55301CM1261
07426759-71,KR5210AK0707
143531-214935,KR5103314161
13772543-60,K55210DY9731
9216-9188,K55363BR2526
707–5647–4984-8,K55107BB0404
751–0674–3749-3,KRM104549394
35951516-802,KR5102626672
76573514-730,KR5355A81078
288-96-565351,K55223DB1003
190–2633–6205-0,K55223BA7888
69736784-623,KR5102961889
565–9049–7951-6,K55105BA7097
55176786-814,K55105BG8743
18296934-099,K55223BU8775
029-41-556747,KR5210AW6106
323188-497035,K55244DN5740
418–0611–3406-4,K55235CX1004
64729240-98,K55301DD0313
741–8841–6669-5,KR5301612150
922-82-495713,KR5368959387
885–8277–3291-6,K55101CL1801
562–8321–0989-3,K55216DW2682
124–0930–8448-4,K55301BS1969
33160982-830,KR5105354751
095–0151–9208-0,KR5301AL0714
31496684-203,KR5234543183
542-24-809860,K55230BT8274
611977-053922,KR5237188499
1132-9572,K55207DZ3894
020311-496729,KR5104AR5047
839-23-828521,K55234BK5994
044961-978299,KR5366865990
238959-979328,K55301D28311
1310-7903,K55209BV6909
9825-9471,K55101BP1063
780785-935960,KR5203864925
69940390-265,K55206CE5516
90542495-945,KR5301AV2379
833–2848–8054-7,K55105CU9429
032-06-523913,K55216BR4000
5877-8627,K55223CA6467
364223-020823,K55306E35941
262–0920–6342-8,K55216E42112
85005738-24,K55370CU3131
06141965-589,KR5104A07497
459–9083–1949-7,KR5212672103
80211459-64,KR5101745309
7956-2976,KR5223AE4249
452–5072–0886-1,K55206BN9021
724-14-585025,KR5101AR6253
3976-5453,KR5391981945
763691-126050,K55233B10540
8376-2813,K55105BT7757
078–4096–2542-7,KR5301734244
2924-0909,K55306DL9319
0666-4982,K55206DW9077
49316297-836,K55236C49960
767674-458974,K55210D13324
7018-6962,K55105BA7386
941348-199285,K55301CW6474
018475-885599,K55105D44792
6784-3729,K55206C30252
476337-390580,KR5363A00270
1147-7226,K55373CM4557
0477-6997,K55373CM4532
60516966-46,K55305CY9514
40641290-281,K55370BC3324
3540-4286,K55213DS2616
40208998-91,K55102BZ4445
980–3119–6218-8,K55301BR5516
56350641-15,KR5105A22139
259080-837415,K55101BD5399
029-41-556747,KR5225A04026
60516966-46,K55223BW3824
9195-4191,KR5301962969
694-47-519343,K55213C14120
281–0077–4181-9,KR5213AP8116
5528-8893,K55235CD7799
1591-4147,KR5306561881
020311-496729,KR5101190365
556290-782177,KR5212AZ4965
35324396-712,K55237B91152
855961-203492,K55365C12577
53626823-930,KR5391982091
5720-1977,K55101DN1030
25516338-81,K55307DX0396
647-97-272197,K55210DF2218
65647747-78,KR5101870800
2924-0909,K55229BH2555
69736784-623,K55107EA9205
09157354-29,KR5101726291
945365-763338,KR5214AP8842
250-35-088431,K55301DT9159
78529483-44,K55301BC5265
207–7617–5277-7,K55223D11198
5283-5937,KR5102A52661
40405218-76,KR5223959606
405-79-113430,K55213BO0608
351487-717069,K55366BO1890
618–3336–2937-3,KR5219844085
546–7271–9563-4,KR5223959549
98806970-48,KR5206853842
095–0423–7275-8,KR5306966122
621673-673522,KR5223AP4428
340-88-306805,K55203E51962
2751-1171,KR5223AF8967
84753446-40,K55311D53755
719385-894569,KR5105879948
1061-1433,KR5205AI0021
887-57-043405,K55301B47273
7294-7868,K55105BS7162
9118-2233,KR5223AE0759
48323716-20,KR5228AT7554
325–8883–1176-8,KR5214AP8883
466-19-144958,K553N9BU5528
491–3201–3217-7,KR5206AQ7520
10147790-77,KR5105A22147
645-58-015321,KR5210895151
082601-686328,KR5363AP7892
838314-692137,K55102CO0445
241-84-312030,K55107DB6409
945365-763338,KR5234AK6060
55176786-814,K55210DJ9474
5158-1380,KR5219842022
632375-428679,K55306B99315
541-19-468083,K55102BL2973
7956-2976,KR5102AM1399
103–0770–3122-9,K55366BU9820
449-36-583547,K55306B85215
012–0415–7264-6,KR5235AC9501
025811-473905,KR5206926945
231993-867199,K55232B77988
986-27-660389,K55210E10278
44091270-21,K55311DF3982
5988-3968,K55203DS8003
700–7083–6061-5,K55102BN0660
375–0690–9868-9,K55306CZ0305
159007-322083,K55101CU3608
412-75-037169,K55301BU4084
22307609-44,KR5101558520
5528-8893,KR5301943787
60516966-46,KR5301764142
35278556-416,K55310BZ7024
80211459-64,K55216BY4837
618–3336–2937-3,K55207B29676
978365-600759,KR5212AV3169
40405218-76,KRM303286616
961–4121–8827-7,K55105B29847
28068905-05,K55214BT3283
23249341-35,KR5235A66974
44887696-82,K55232BA3209
3976-5453,K55363B53321
820226-385342,KR5391982117
92917054-10,KR5209371792
5490-9188,K55366BU9572
78529483-44,KR5230AQ9658
060900-438114,K55232BW8343
281-96-286019,KR5101AH6693
709–2015–9478-2,KR5102359514
114-54-676040,K55223CO5588
245094-921679,K55301BZ1648
190–3600–1671-0,K55366BR3364
694-37-182774,K55223DT6648
906-53-899499,K55223BG7486
14322092-49,K55223BG4400
63684092-64,K55363B53388
110–3582–8826-2,K55207CF8906
124–0930–8448-4,K55210DW5483
54512425-09,K55207BT8034
37563387-11,K553H6E00511
88110639-254,K55234BX7649
21762818-62,KR5209587892
645-58-015321,KR5101964702
26638587-087,K55223DS3323
505–9870–6272-5,KR5104AU7121
168–6643–1594-3,K55102C56597
2731-2728,KR5373A23651
647853-610545,KRM303712819
231993-867199,K55216BJ6120
7222-8217,K55105BA7089
781–3221–0927-8,K55206DK1219
546539-300908,KR5301AL4401
398–7275–8789-1,K55213BY9722
0343-4625,K55207BO0192
948880-122494,K55366B28961
440–2737–3732-9,K55232BE0664
346–2511–0236-0,KR5219768342
00594065-78,KR5302AF5223
398–7275–8789-1,K55105BA1041
265905-985777,KR5230AR3494
259517-428809,K55105B89734
497-79-481818,KR5364AE9718
780785-935960,KR5210AQ2608
44447146-187,K55206BL0394
57453691-384,K55101D20791
91763491-88,K55216CJ3969
86608602-410,K55301BC4888
668-67-619272,K55101DC5406
83008780-767,KR5219725201
