account_no,user_id,company_name,pension_name,pension_type,interest_rate,evaluation_amount,expiration_date
719-157367-29994,56,NH농협은행,농협은행 퇴직연금 정기예금,DB,3.39,988097,2025-01-24
719-157367-29994,56,신한은행,신한은행 퇴직연금 정기예금,DB,3.39,945,2024-12-07
719-157367-29994,56,하나은행,하나은행 퇴직연금 정기예금,DB,3.45,386947,2024-12-26
719-157367-29994,56,KB국민은행,국민은행 퇴직연금 정기예금,DB,3.39,2328369,2024-12-15
375-705231-93589,46,NH농협은행,농협은행 퇴직연금 정기예금,DB,3.39,4976914,2025-04-23
375-705231-93589,46,신한은행,신한은행 퇴직연금 정기예금,DB,3.39,732833,2024-12-01
375-705231-93589,46,하나은행,하나은행 퇴직연금 정기예금,DB,3.45,3128835,2024-12-19
375-705231-93589,46,KB국민은행,국민은행 퇴직연금 정기예금,DB,3.39,829014,2025-05-31
873-61-996452-3,39,NH농협은행,농협은행 퇴직연금 정기예금,IRP,3.29,19190557,2024-07-30
873-61-996452-3,39,신한은행,신한은행 퇴직연금 정기예금,IRP,3.29,132781,2024-10-07
873-61-996452-3,39,우리은행,우리은행 퇴직연금 정기예금,IRP,3.4,3604120,2024-06-20
873-61-996452-3,39,하나은행,하나은행 퇴직연금 정기예금,IRP,3.35,23221079,2025-03-19
873-61-996452-3,39,KB국민은행,국민은행 퇴직연금 정기예금,IRP,3.29,320760,2025-05-21
3047-296-064423,63,NH농협은행,농협은행 퇴직연금 정기예금,DC,3.29,95172395,2025-04-23
3047-296-064423,63,신한은행,신한은행 퇴직연금 정기예금,DC,3.29,280,2025-01-20
3047-296-064423,63,우리은행,우리은행 퇴직연금 정기예금,DC,3.4,7017,2024-07-11
3047-296-064423,63,하나은행,하나은행 퇴직연금 정기예금,DC,3.35,393858,2024-07-26
3047-296-064423,63,KB국민은행,국민은행 퇴직연금 정기예금,DC,3.29,2004738,2025-03-02
3208-60-1945900,178,NH농협은행,농협은행 퇴직연금 정기예금,DB,3.39,635021,2024-10-11
3208-60-1945900,178,신한은행,신한은행 퇴직연금 정기예금,DB,3.39,352,2025-01-15
3208-60-1945900,178,하나은행,하나은행 퇴직연금 정기예금,DB,3.45,7576763,2025-03-06
3208-60-1945900,178,KB국민은행,국민은행 퇴직연금 정기예금,DB,3.39,126481,2025-02-26
076-861778-76-295,189,NH농협은행,농협은행 퇴직연금 정기예금,IRP,3.29,23824197,2025-03-03
076-861778-76-295,189,신한은행,신한은행 퇴직연금 정기예금,IRP,3.29,11384,2024-09-03
076-861778-76-295,189,우리은행,우리은행 퇴직연금 정기예금,IRP,3.4,257785,2025-04-09
076-861778-76-295,189,하나은행,하나은행 퇴직연금 정기예금,IRP,3.35,156,2024-10-13
076-861778-76-295,189,KB국민은행,국민은행 퇴직연금 정기예금,IRP,3.29,14170,2024-07-16
340-80-407697-3,173,NH농협은행,농협은행 퇴직연금 정기예금,DC,3.29,46003420,2024-08-01
340-80-407697-3,173,신한은행,신한은행 퇴직연금 정기예금,DC,3.29,3583,2024-12-04
340-80-407697-3,173,우리은행,우리은행 퇴직연금 정기예금,DC,3.4,349358,2024-11-13
340-80-407697-3,173,하나은행,하나은행 퇴직연금 정기예금,DC,3.35,9481,2024-07-28
340-80-407697-3,173,KB국민은행,국민은행 퇴직연금 정기예금,DC,3.29,439134,2025-05-08
526-457451-79876,70,NH농협은행,농협은행 퇴직연금 정기예금,DB,3.39,6690842,2024-12-21
526-457451-79876,70,신한은행,신한은행 퇴직연금 정기예금,DB,3.39,16906,2024-11-21
526-457451-79876,70,하나은행,하나은행 퇴직연금 정기예금,DB,3.45,76732,2024-07-30
526-457451-79876,70,KB국민은행,국민은행 퇴직연금 정기예금,DB,3.39,4629831,2024-08-03
555-736251-53-723,274,NH농협은행,농협은행 퇴직연금 정기예금,IRP,3.29,849865,2025-01-25
555-736251-53-723,274,신한은행,신한은행 퇴직연금 정기예금,IRP,3.29,85018,2024-12-27
555-736251-53-723,274,우리은행,우리은행 퇴직연금 정기예금,IRP,3.4,10837821,2024-08-23
555-736251-53-723,274,하나은행,하나은행 퇴직연금 정기예금,IRP,3.35,40132255,2024-09-05
555-736251-53-723,274,KB국민은행,국민은행 퇴직연금 정기예금,IRP,3.29,215991,2025-05-27
160-7201-9572-51,186,NH농협은행,농협은행 퇴직연금 정기예금,IRP,3.29,81222,2024-09-24
160-7201-9572-51,186,신한은행,신한은행 퇴직연금 정기예금,IRP,3.29,6581054,2025-04-29
160-7201-9572-51,186,우리은행,우리은행 퇴직연금 정기예금,IRP,3.4,77560089,2025-03-24
160-7201-9572-51,186,하나은행,하나은행 퇴직연금 정기예금,IRP,3.35,909,2024-10-13
160-7201-9572-51,186,KB국민은행,국민은행 퇴직연금 정기예금,IRP,3.29,503637,2025-05-27
399-62-444680-1,125,NH농협은행,농협은행 퇴직연금 정기예금,IRP,3.29,56004975,2024-08-08
399-62-444680-1,125,신한은행,신한은행 퇴직연금 정기예금,IRP,3.29,2285834,2024-06-30
399-62-444680-1,125,우리은행,우리은행 퇴직연금 정기예금,IRP,3.4,7765731,2024-07-16
399-62-444680-1,125,하나은행,하나은행 퇴직연금 정기예금,IRP,3.35,67555536,2024-10-07
399-62-444680-1,125,KB국민은행,국민은행 퇴직연금 정기예금,IRP,3.29,890444,2025-03-02
153-343-187392,252,NH농협은행,농협은행 퇴직연금 정기예금,IRP,3.29,42197176,2025-03-15
153-343-187392,252,신한은행,신한은행 퇴직연금 정기예금,IRP,3.29,1875,2025-05-15
153-343-187392,252,우리은행,우리은행 퇴직연금 정기예금,IRP,3.4,533,2024-10-09
153-343-187392,252,하나은행,하나은행 퇴직연금 정기예금,IRP,3.35,306,2025-03-15
153-343-187392,252,KB국민은행,국민은행 퇴직연금 정기예금,IRP,3.29,5396617,2024-10-21
820-832-491517,196,NH농협은행,농협은행 퇴직연금 정기예금,DC,3.29,1662,2025-02-04
820-832-491517,196,신한은행,신한은행 퇴직연금 정기예금,DC,3.29,5857,2024-08-31
820-832-491517,196,우리은행,우리은행 퇴직연금 정기예금,DC,3.4,99184,2024-07-26
820-832-491517,196,하나은행,하나은행 퇴직연금 정기예금,DC,3.35,6938,2024-09-15
820-832-491517,196,KB국민은행,국민은행 퇴직연금 정기예금,DC,3.29,3647786,2024-09-20
462354-06-873826,260,NH농협은행,농협은행 퇴직연금 정기예금,IRP,3.29,8969589,2025-03-14
462354-06-873826,260,신한은행,신한은행 퇴직연금 정기예금,IRP,3.29,431,2024-11-19
462354-06-873826,260,우리은행,우리은행 퇴직연금 정기예금,IRP,3.4,528,2024-10-15
462354-06-873826,260,하나은행,하나은행 퇴직연금 정기예금,IRP,3.35,489075,2025-02-05
462354-06-873826,260,KB국민은행,국민은행 퇴직연금 정기예금,IRP,3.29,850,2025-02-14
346-407643-62-671,114,NH농협은행,농협은행 퇴직연금 정기예금,DC,3.29,706642,2025-02-20
346-407643-62-671,114,신한은행,신한은행 퇴직연금 정기예금,DC,3.29,1904,2025-02-10
346-407643-62-671,114,우리은행,우리은행 퇴직연금 정기예금,DC,3.4,959,2024-07-17
346-407643-62-671,114,하나은행,하나은행 퇴직연금 정기예금,DC,3.35,1507,2025-02-08
346-407643-62-671,114,KB국민은행,국민은행 퇴직연금 정기예금,DC,3.29,79777718,2024-07-22
449-85-028326-0,64,NH농협은행,농협은행 퇴직연금 정기예금,IRP,3.29,62735129,2024-12-22
449-85-028326-0,64,신한은행,신한은행 퇴직연금 정기예금,IRP,3.29,47,2024-09-29
449-85-028326-0,64,우리은행,우리은행 퇴직연금 정기예금,IRP,3.4,716,2024-12-01
449-85-028326-0,64,하나은행,하나은행 퇴직연금 정기예금,IRP,3.35,8847,2024-12-22
449-85-028326-0,64,KB국민은행,국민은행 퇴직연금 정기예금,IRP,3.29,7653,2025-04-05
5080-80-0211555,53,NH농협은행,농협은행 퇴직연금 정기예금,DC,3.29,80906,2024-08-18
5080-80-0211555,53,신한은행,신한은행 퇴직연금 정기예금,DC,3.29,7863072,2025-02-16
5080-80-0211555,53,우리은행,우리은행 퇴직연금 정기예금,DC,3.4,6410,2025-01-02
5080-80-0211555,53,하나은행,하나은행 퇴직연금 정기예금,DC,3.35,81006921,2025-02-28
5080-80-0211555,53,KB국민은행,국민은행 퇴직연금 정기예금,DC,3.29,4505764,2025-03-29
2506-47-9222588,243,NH농협은행,농협은행 퇴직연금 정기예금,DB,3.39,779,2025-02-16
2506-47-9222588,243,신한은행,신한은행 퇴직연금 정기예금,DB,3.39,9084,2024-08-05
2506-47-9222588,243,하나은행,하나은행 퇴직연금 정기예금,DB,3.45,1800,2025-01-18
2506-47-9222588,243,KB국민은행,국민은행 퇴직연금 정기예금,DB,3.39,24641064,2025-03-01
415140-29-042561,29,NH농협은행,농협은행 퇴직연금 정기예금,DC,3.29,8458274,2024-09-06
415140-29-042561,29,신한은행,신한은행 퇴직연금 정기예금,DC,3.29,52038804,2024-12-03
415140-29-042561,29,우리은행,우리은행 퇴직연금 정기예금,DC,3.4,3081,2025-02-23
415140-29-042561,29,하나은행,하나은행 퇴직연금 정기예금,DC,3.35,1058972,2025-01-06
415140-29-042561,29,KB국민은행,국민은행 퇴직연금 정기예금,DC,3.29,44743267,2024-10-18
1999-14-4714366,185,NH농협은행,농협은행 퇴직연금 정기예금,DC,3.29,3995,2024-09-03
1999-14-4714366,185,신한은행,신한은행 퇴직연금 정기예금,DC,3.29,131,2024-11-20
1999-14-4714366,185,우리은행,우리은행 퇴직연금 정기예금,DC,3.4,685836,2024-09-07
1999-14-4714366,185,하나은행,하나은행 퇴직연금 정기예금,DC,3.35,28103,2024-12-20
1999-14-4714366,185,KB국민은행,국민은행 퇴직연금 정기예금,DC,3.29,81866365,2024-11-23
807-9320-0072-71,74,NH농협은행,농협은행 퇴직연금 정기예금,IRP,3.29,29354,2024-12-02
807-9320-0072-71,74,신한은행,신한은행 퇴직연금 정기예금,IRP,3.29,718,2025-01-23
807-9320-0072-71,74,우리은행,우리은행 퇴직연금 정기예금,IRP,3.4,606,2024-08-06
807-9320-0072-71,74,하나은행,하나은행 퇴직연금 정기예금,IRP,3.35,2050,2025-06-08
807-9320-0072-71,74,KB국민은행,국민은행 퇴직연금 정기예금,IRP,3.29,1609,2025-03-24
368-8766-3676-18,81,NH농협은행,농협은행 퇴직연금 정기예금,IRP,3.29,427,2024-06-17
368-8766-3676-18,81,신한은행,신한은행 퇴직연금 정기예금,IRP,3.29,99941,2025-03-30
368-8766-3676-18,81,우리은행,우리은행 퇴직연금 정기예금,IRP,3.4,111,2024-11-08
368-8766-3676-18,81,하나은행,하나은행 퇴직연금 정기예금,IRP,3.35,17052699,2025-02-02
368-8766-3676-18,81,KB국민은행,국민은행 퇴직연금 정기예금,IRP,3.29,434,2025-05-31
518-290610-51-832,19,NH농협은행,농협은행 퇴직연금 정기예금,DB,3.39,961,2025-01-30
518-290610-51-832,19,신한은행,신한은행 퇴직연금 정기예금,DB,3.39,424724,2025-05-20
518-290610-51-832,19,하나은행,하나은행 퇴직연금 정기예금,DB,3.45,5849203,2024-12-09
518-290610-51-832,19,KB국민은행,국민은행 퇴직연금 정기예금,DB,3.39,6993977,2024-08-07
8862-85-8799882,196,NH농협은행,농협은행 퇴직연금 정기예금,IRP,3.29,97362,2025-03-27
8862-85-8799882,196,신한은행,신한은행 퇴직연금 정기예금,IRP,3.29,418,2025-03-05
8862-85-8799882,196,우리은행,우리은행 퇴직연금 정기예금,IRP,3.4,799,2025-02-13
8862-85-8799882,196,하나은행,하나은행 퇴직연금 정기예금,IRP,3.35,978611,2025-03-14
8862-85-8799882,196,KB국민은행,국민은행 퇴직연금 정기예금,IRP,3.29,5990,2024-12-03
7241-39-3600179,208,NH농협은행,농협은행 퇴직연금 정기예금,DC,3.29,675,2025-03-23
7241-39-3600179,208,신한은행,신한은행 퇴직연금 정기예금,DC,3.29,9706,2024-07-08
7241-39-3600179,208,우리은행,우리은행 퇴직연금 정기예금,DC,3.4,325,2025-04-08
7241-39-3600179,208,하나은행,하나은행 퇴직연금 정기예금,DC,3.35,76113671,2024-11-14
7241-39-3600179,208,KB국민은행,국민은행 퇴직연금 정기예금,DC,3.29,350,2024-07-17
919-04-584622-5,66,NH농협은행,농협은행 퇴직연금 정기예금,DB,3.39,35,2025-03-05
919-04-584622-5,66,신한은행,신한은행 퇴직연금 정기예금,DB,3.39,8918311,2024-07-15
919-04-584622-5,66,하나은행,하나은행 퇴직연금 정기예금,DB,3.45,350,2024-11-09
919-04-584622-5,66,KB국민은행,국민은행 퇴직연금 정기예금,DB,3.39,24423820,2025-03-23
1840-139-457769,181,NH농협은행,농협은행 퇴직연금 정기예금,IRP,3.29,9410,2024-10-18
1840-139-457769,181,신한은행,신한은행 퇴직연금 정기예금,IRP,3.29,52,2024-11-17
1840-139-457769,181,우리은행,우리은행 퇴직연금 정기예금,IRP,3.4,905,2025-03-11
1840-139-457769,181,하나은행,하나은행 퇴직연금 정기예금,IRP,3.35,26363,2024-07-10
1840-139-457769,181,KB국민은행,국민은행 퇴직연금 정기예금,IRP,3.29,7514,2025-05-29
077853-29-285250,140,NH농협은행,농협은행 퇴직연금 정기예금,DC,3.29,9174,2024-12-10
077853-29-285250,140,신한은행,신한은행 퇴직연금 정기예금,DC,3.29,53104342,2024-11-22
077853-29-285250,140,우리은행,우리은행 퇴직연금 정기예금,DC,3.4,705,2024-08-11
077853-29-285250,140,하나은행,하나은행 퇴직연금 정기예금,DC,3.35,67,2024-07-02
077853-29-285250,140,KB국민은행,국민은행 퇴직연금 정기예금,DC,3.29,191142,2024-09-20
803-710691-09-388,143,NH농협은행,농협은행 퇴직연금 정기예금,DB,3.39,2882838,2025-03-02
803-710691-09-388,143,신한은행,신한은행 퇴직연금 정기예금,DB,3.39,4112,2024-12-26
803-710691-09-388,143,하나은행,하나은행 퇴직연금 정기예금,DB,3.45,18987,2024-09-13
803-710691-09-388,143,KB국민은행,국민은행 퇴직연금 정기예금,DB,3.39,39539363,2024-10-11
840-341511-61278,55,NH농협은행,농협은행 퇴직연금 정기예금,IRP,3.29,68303278,2024-06-26
840-341511-61278,55,신한은행,신한은행 퇴직연금 정기예금,IRP,3.29,2943,2024-10-16
840-341511-61278,55,우리은행,우리은행 퇴직연금 정기예금,IRP,3.4,66828492,2025-03-21
840-341511-61278,55,하나은행,하나은행 퇴직연금 정기예금,IRP,3.35,37523,2025-04-15
840-341511-61278,55,KB국민은행,국민은행 퇴직연금 정기예금,IRP,3.29,1002878,2024-10-14
859-693-133593,198,NH농협은행,농협은행 퇴직연금 정기예금,DC,3.29,8351966,2024-10-28
859-693-133593,198,신한은행,신한은행 퇴직연금 정기예금,DC,3.29,33535551,2025-01-31
859-693-133593,198,우리은행,우리은행 퇴직연금 정기예금,DC,3.4,5220437,2025-03-18
859-693-133593,198,하나은행,하나은행 퇴직연금 정기예금,DC,3.35,74267775,2025-01-01
859-693-133593,198,KB국민은행,국민은행 퇴직연금 정기예금,DC,3.29,31873533,2024-11-30
111-251026-54-244,200,NH농협은행,농협은행 퇴직연금 정기예금,IRP,3.29,934,2024-12-14
111-251026-54-244,200,신한은행,신한은행 퇴직연금 정기예금,IRP,3.29,800,2025-01-26
111-251026-54-244,200,우리은행,우리은행 퇴직연금 정기예금,IRP,3.4,17966778,2024-09-05
111-251026-54-244,200,하나은행,하나은행 퇴직연금 정기예금,IRP,3.35,331,2025-02-19
111-251026-54-244,200,KB국민은행,국민은행 퇴직연금 정기예금,IRP,3.29,626,2024-11-06
093-258-883413,48,NH농협은행,농협은행 퇴직연금 정기예금,DB,3.39,92347688,2025-03-23
093-258-883413,48,신한은행,신한은행 퇴직연금 정기예금,DB,3.39,27670,2025-03-10
093-258-883413,48,하나은행,하나은행 퇴직연금 정기예금,DB,3.45,45036601,2024-08-30
093-258-883413,48,KB국민은행,국민은행 퇴직연금 정기예금,DB,3.39,9063088,2024-12-13
045118-40-961322,250,NH농협은행,농협은행 퇴직연금 정기예금,DC,3.29,77127627,2024-10-02
045118-40-961322,250,신한은행,신한은행 퇴직연금 정기예금,DC,3.29,217,2024-09-18
045118-40-961322,250,우리은행,우리은행 퇴직연금 정기예금,DC,3.4,9140,2025-04-21
045118-40-961322,250,하나은행,하나은행 퇴직연금 정기예금,DC,3.35,429,2024-09-14
045118-40-961322,250,KB국민은행,국민은행 퇴직연금 정기예금,DC,3.29,58,2025-06-07
012972-41-536271,64,NH농협은행,농협은행 퇴직연금 정기예금,DB,3.39,54819,2024-09-04
012972-41-536271,64,신한은행,신한은행 퇴직연금 정기예금,DB,3.39,44210,2025-03-26
012972-41-536271,64,하나은행,하나은행 퇴직연금 정기예금,DB,3.45,9769202,2025-04-30
012972-41-536271,64,KB국민은행,국민은행 퇴직연금 정기예금,DB,3.39,1703532,2025-02-14
970-862437-13196,142,NH농협은행,농협은행 퇴직연금 정기예금,DC,3.29,9180021,2024-07-09
970-862437-13196,142,신한은행,신한은행 퇴직연금 정기예금,DC,3.29,13109050,2024-06-25
970-862437-13196,142,우리은행,우리은행 퇴직연금 정기예금,DC,3.4,8829907,2025-04-20
970-862437-13196,142,하나은행,하나은행 퇴직연금 정기예금,DC,3.35,10592,2025-04-30
970-862437-13196,142,KB국민은행,국민은행 퇴직연금 정기예금,DC,3.29,723986,2025-02-01
9428-663-238531,192,NH농협은행,농협은행 퇴직연금 정기예금,DB,3.39,586,2024-10-28
9428-663-238531,192,신한은행,신한은행 퇴직연금 정기예금,DB,3.39,8005345,2025-06-12
9428-663-238531,192,하나은행,하나은행 퇴직연금 정기예금,DB,3.45,663537,2024-12-11
9428-663-238531,192,KB국민은행,국민은행 퇴직연금 정기예금,DB,3.39,94272,2025-01-18
222-83-605148-6,249,NH농협은행,농협은행 퇴직연금 정기예금,IRP,3.29,53177700,2025-01-25
222-83-605148-6,249,신한은행,신한은행 퇴직연금 정기예금,IRP,3.29,2913016,2024-11-29
222-83-605148-6,249,우리은행,우리은행 퇴직연금 정기예금,IRP,3.4,638220,2024-10-26
222-83-605148-6,249,하나은행,하나은행 퇴직연금 정기예금,IRP,3.35,1025086,2025-03-18
222-83-605148-6,249,KB국민은행,국민은행 퇴직연금 정기예금,IRP,3.29,96436133,2024-07-16
451-437858-91-356,255,NH농협은행,농협은행 퇴직연금 정기예금,IRP,3.29,429958,2025-03-19
451-437858-91-356,255,신한은행,신한은행 퇴직연금 정기예금,IRP,3.29,17781465,2025-03-11
451-437858-91-356,255,우리은행,우리은행 퇴직연금 정기예금,IRP,3.4,81960,2024-07-27
451-437858-91-356,255,하나은행,하나은행 퇴직연금 정기예금,IRP,3.35,3742,2024-06-14
451-437858-91-356,255,KB국민은행,국민은행 퇴직연금 정기예금,IRP,3.29,54047752,2025-03-02
021-7189-2944-37,215,NH농협은행,농협은행 퇴직연금 정기예금,DC,3.29,826,2025-02-19
021-7189-2944-37,215,신한은행,신한은행 퇴직연금 정기예금,DC,3.29,928673,2025-04-20
021-7189-2944-37,215,우리은행,우리은행 퇴직연금 정기예금,DC,3.4,42468542,2024-09-10
021-7189-2944-37,215,하나은행,하나은행 퇴직연금 정기예금,DC,3.35,5337,2025-03-18
021-7189-2944-37,215,KB국민은행,국민은행 퇴직연금 정기예금,DC,3.29,560126,2025-01-21
3539-053-738956,190,NH농협은행,농협은행 퇴직연금 정기예금,DB,3.39,61336332,2024-07-01
3539-053-738956,190,신한은행,신한은행 퇴직연금 정기예금,DB,3.39,464485,2024-08-06
3539-053-738956,190,하나은행,하나은행 퇴직연금 정기예금,DB,3.45,800384,2025-05-29
3539-053-738956,190,KB국민은행,국민은행 퇴직연금 정기예금,DB,3.39,15026235,2025-01-28
709-52-073773-0,17,NH농협은행,농협은행 퇴직연금 정기예금,IRP,3.29,4307533,2024-09-11
709-52-073773-0,17,신한은행,신한은행 퇴직연금 정기예금,IRP,3.29,608829,2025-05-08
709-52-073773-0,17,우리은행,우리은행 퇴직연금 정기예금,IRP,3.4,55101282,2025-03-17
709-52-073773-0,17,하나은행,하나은행 퇴직연금 정기예금,IRP,3.35,432380,2024-10-16
709-52-073773-0,17,KB국민은행,국민은행 퇴직연금 정기예금,IRP,3.29,343124,2025-06-03
747-856-588188,62,NH농협은행,농협은행 퇴직연금 정기예금,IRP,3.29,975,2025-01-07
747-856-588188,62,신한은행,신한은행 퇴직연금 정기예금,IRP,3.29,24,2024-09-06
747-856-588188,62,우리은행,우리은행 퇴직연금 정기예금,IRP,3.4,9716,2024-07-06
747-856-588188,62,하나은행,하나은행 퇴직연금 정기예금,IRP,3.35,2853,2024-10-10
747-856-588188,62,KB국민은행,국민은행 퇴직연금 정기예금,IRP,3.29,76652322,2024-09-02
523426-91-443851,32,NH농협은행,농협은행 퇴직연금 정기예금,DB,3.39,84968,2025-03-22
523426-91-443851,32,신한은행,신한은행 퇴직연금 정기예금,DB,3.39,2260238,2024-06-15
523426-91-443851,32,하나은행,하나은행 퇴직연금 정기예금,DB,3.45,19705934,2025-04-11
523426-91-443851,32,KB국민은행,국민은행 퇴직연금 정기예금,DB,3.39,622819,2024-11-25
841-160-180740,212,NH농협은행,농협은행 퇴직연금 정기예금,IRP,3.29,58463304,2024-09-07
841-160-180740,212,신한은행,신한은행 퇴직연금 정기예금,IRP,3.29,29781,2024-07-29
841-160-180740,212,우리은행,우리은행 퇴직연금 정기예금,IRP,3.4,223183,2025-02-26
841-160-180740,212,하나은행,하나은행 퇴직연금 정기예금,IRP,3.35,307,2024-10-31
841-160-180740,212,KB국민은행,국민은행 퇴직연금 정기예금,IRP,3.29,1616510,2024-07-21
904-57-176449-8,214,NH농협은행,농협은행 퇴직연금 정기예금,IRP,3.29,223556,2024-09-09
904-57-176449-8,214,신한은행,신한은행 퇴직연금 정기예금,IRP,3.29,30255095,2024-11-13
904-57-176449-8,214,우리은행,우리은행 퇴직연금 정기예금,IRP,3.4,1789,2024-10-27
904-57-176449-8,214,하나은행,하나은행 퇴직연금 정기예금,IRP,3.35,8594,2025-01-27
904-57-176449-8,214,KB국민은행,국민은행 퇴직연금 정기예금,IRP,3.29,28709798,2024-12-31
746-86-553357-1,193,NH농협은행,농협은행 퇴직연금 정기예금,DB,3.39,243,2025-05-07
746-86-553357-1,193,신한은행,신한은행 퇴직연금 정기예금,DB,3.39,737,2025-03-06
746-86-553357-1,193,하나은행,하나은행 퇴직연금 정기예금,DB,3.45,39049641,2024-06-30
746-86-553357-1,193,KB국민은행,국민은행 퇴직연금 정기예금,DB,3.39,33364087,2025-05-21
496-23-753260-4,140,NH농협은행,농협은행 퇴직연금 정기예금,IRP,3.29,9502,2024-11-06
496-23-753260-4,140,신한은행,신한은행 퇴직연금 정기예금,IRP,3.29,8929782,2024-07-05
496-23-753260-4,140,우리은행,우리은행 퇴직연금 정기예금,IRP,3.4,211111,2025-03-02
496-23-753260-4,140,하나은행,하나은행 퇴직연금 정기예금,IRP,3.35,79751,2025-03-28
496-23-753260-4,140,KB국민은행,국민은행 퇴직연금 정기예금,IRP,3.29,5994920,2025-01-23
358-637132-26348,43,NH농협은행,농협은행 퇴직연금 정기예금,DB,3.39,6812,2025-06-04
358-637132-26348,43,신한은행,신한은행 퇴직연금 정기예금,DB,3.39,50335,2025-05-29
358-637132-26348,43,하나은행,하나은행 퇴직연금 정기예금,DB,3.45,8664991,2024-08-01
358-637132-26348,43,KB국민은행,국민은행 퇴직연금 정기예금,DB,3.39,9419,2024-08-18
113-55-982486-9,26,NH농협은행,농협은행 퇴직연금 정기예금,DC,3.29,5255,2024-12-16
113-55-982486-9,26,신한은행,신한은행 퇴직연금 정기예금,DC,3.29,9962,2024-12-19
113-55-982486-9,26,우리은행,우리은행 퇴직연금 정기예금,DC,3.4,696,2025-02-04
113-55-982486-9,26,하나은행,하나은행 퇴직연금 정기예금,DC,3.35,95910,2025-03-02
113-55-982486-9,26,KB국민은행,국민은행 퇴직연금 정기예금,DC,3.29,587305,2025-01-29
691250-65-100840,218,NH농협은행,농협은행 퇴직연금 정기예금,IRP,3.29,3767,2025-02-05
691250-65-100840,218,신한은행,신한은행 퇴직연금 정기예금,IRP,3.29,5810,2024-11-27
691250-65-100840,218,우리은행,우리은행 퇴직연금 정기예금,IRP,3.4,272645,2024-07-02
691250-65-100840,218,하나은행,하나은행 퇴직연금 정기예금,IRP,3.35,83878561,2025-03-26
691250-65-100840,218,KB국민은행,국민은행 퇴직연금 정기예금,IRP,3.29,78810457,2025-05-27
833-21-643449-1,45,NH농협은행,농협은행 퇴직연금 정기예금,DB,3.39,6880917,2025-05-27
833-21-643449-1,45,신한은행,신한은행 퇴직연금 정기예금,DB,3.39,9072571,2025-03-30
833-21-643449-1,45,하나은행,하나은행 퇴직연금 정기예금,DB,3.45,36597,2024-09-18
833-21-643449-1,45,KB국민은행,국민은행 퇴직연금 정기예금,DB,3.39,62622,2025-03-22
8628-58-4845565,287,NH농협은행,농협은행 퇴직연금 정기예금,IRP,3.29,96820812,2024-10-19
8628-58-4845565,287,신한은행,신한은행 퇴직연금 정기예금,IRP,3.29,97477,2024-06-22
8628-58-4845565,287,우리은행,우리은행 퇴직연금 정기예금,IRP,3.4,31814,2025-02-17
8628-58-4845565,287,하나은행,하나은행 퇴직연금 정기예금,IRP,3.35,62725,2025-02-21
8628-58-4845565,287,KB국민은행,국민은행 퇴직연금 정기예금,IRP,3.29,16838328,2025-04-10
1649-91-5660204,269,NH농협은행,농협은행 퇴직연금 정기예금,DC,3.29,70044,2024-12-18
1649-91-5660204,269,신한은행,신한은행 퇴직연금 정기예금,DC,3.29,980,2025-05-26
1649-91-5660204,269,우리은행,우리은행 퇴직연금 정기예금,DC,3.4,6354,2025-04-04
1649-91-5660204,269,하나은행,하나은행 퇴직연금 정기예금,DC,3.35,8914937,2025-03-16
1649-91-5660204,269,KB국민은행,국민은행 퇴직연금 정기예금,DC,3.29,8925890,2024-12-14
613-54-986984-2,47,NH농협은행,농협은행 퇴직연금 정기예금,DB,3.39,15977372,2024-06-19
613-54-986984-2,47,신한은행,신한은행 퇴직연금 정기예금,DB,3.39,56191002,2024-07-27
613-54-986984-2,47,하나은행,하나은행 퇴직연금 정기예금,DB,3.45,451919,2024-09-08
613-54-986984-2,47,KB국민은행,국민은행 퇴직연금 정기예금,DB,3.39,74879,2025-01-23
054-964015-02-021,279,NH농협은행,농협은행 퇴직연금 정기예금,IRP,3.29,6158823,2025-05-13
054-964015-02-021,279,신한은행,신한은행 퇴직연금 정기예금,IRP,3.29,44582028,2024-11-26
054-964015-02-021,279,우리은행,우리은행 퇴직연금 정기예금,IRP,3.4,43131860,2024-10-07
054-964015-02-021,279,하나은행,하나은행 퇴직연금 정기예금,IRP,3.35,67212222,2025-02-14
054-964015-02-021,279,KB국민은행,국민은행 퇴직연금 정기예금,IRP,3.29,994938,2024-12-10
066-042-195662,117,NH농협은행,농협은행 퇴직연금 정기예금,DB,3.39,5507581,2024-06-26
066-042-195662,117,신한은행,신한은행 퇴직연금 정기예금,DB,3.39,56597,2025-04-12
066-042-195662,117,하나은행,하나은행 퇴직연금 정기예금,DB,3.45,8029,2025-01-16
066-042-195662,117,KB국민은행,국민은행 퇴직연금 정기예금,DB,3.39,275,2024-09-29
527-6688-0601-87,3,NH농협은행,농협은행 퇴직연금 정기예금,DC,3.29,35285,2024-09-08
527-6688-0601-87,3,신한은행,신한은행 퇴직연금 정기예금,DC,3.29,64802138,2025-03-07
527-6688-0601-87,3,우리은행,우리은행 퇴직연금 정기예금,DC,3.4,42913939,2024-12-10
527-6688-0601-87,3,하나은행,하나은행 퇴직연금 정기예금,DC,3.35,50445575,2025-06-11
527-6688-0601-87,3,KB국민은행,국민은행 퇴직연금 정기예금,DC,3.29,90420555,2024-07-10
805-924685-12321,98,NH농협은행,농협은행 퇴직연금 정기예금,IRP,3.29,9298254,2024-12-03
805-924685-12321,98,신한은행,신한은행 퇴직연금 정기예금,IRP,3.29,48317165,2024-10-20
805-924685-12321,98,우리은행,우리은행 퇴직연금 정기예금,IRP,3.4,69985,2025-06-13
805-924685-12321,98,하나은행,하나은행 퇴직연금 정기예금,IRP,3.35,335051,2025-02-17
805-924685-12321,98,KB국민은행,국민은행 퇴직연금 정기예금,IRP,3.29,235691,2025-01-24
465-958784-43474,76,NH농협은행,농협은행 퇴직연금 정기예금,DC,3.29,359,2025-01-13
465-958784-43474,76,신한은행,신한은행 퇴직연금 정기예금,DC,3.29,492644,2024-10-19
465-958784-43474,76,우리은행,우리은행 퇴직연금 정기예금,DC,3.4,40488401,2025-03-30
465-958784-43474,76,하나은행,하나은행 퇴직연금 정기예금,DC,3.35,9460,2025-04-20
465-958784-43474,76,KB국민은행,국민은행 퇴직연금 정기예금,DC,3.29,95292375,2025-04-09
767-5052-6617-06,167,NH농협은행,농협은행 퇴직연금 정기예금,DB,3.39,835,2024-10-03
767-5052-6617-06,167,신한은행,신한은행 퇴직연금 정기예금,DB,3.39,7902251,2025-01-17
767-5052-6617-06,167,하나은행,하나은행 퇴직연금 정기예금,DB,3.45,2664177,2025-01-03
767-5052-6617-06,167,KB국민은행,국민은행 퇴직연금 정기예금,DB,3.39,15341507,2024-09-27
125-388178-07-326,270,NH농협은행,농협은행 퇴직연금 정기예금,IRP,3.29,89193476,2025-05-15
125-388178-07-326,270,신한은행,신한은행 퇴직연금 정기예금,IRP,3.29,3400,2024-08-27
125-388178-07-326,270,우리은행,우리은행 퇴직연금 정기예금,IRP,3.4,318533,2024-07-20
125-388178-07-326,270,하나은행,하나은행 퇴직연금 정기예금,IRP,3.35,628,2025-01-28
125-388178-07-326,270,KB국민은행,국민은행 퇴직연금 정기예금,IRP,3.29,243572,2024-11-23
872-89-101136-1,282,NH농협은행,농협은행 퇴직연금 정기예금,IRP,3.29,42684524,2025-02-25
872-89-101136-1,282,신한은행,신한은행 퇴직연금 정기예금,IRP,3.29,2546153,2025-03-17
872-89-101136-1,282,우리은행,우리은행 퇴직연금 정기예금,IRP,3.4,661,2025-04-27
872-89-101136-1,282,하나은행,하나은행 퇴직연금 정기예금,IRP,3.35,7034,2024-10-09
872-89-101136-1,282,KB국민은행,국민은행 퇴직연금 정기예금,IRP,3.29,690859,2024-09-26
5011-101-195258,260,NH농협은행,농협은행 퇴직연금 정기예금,DC,3.29,3511,2024-08-15
5011-101-195258,260,신한은행,신한은행 퇴직연금 정기예금,DC,3.29,746,2025-01-23
5011-101-195258,260,우리은행,우리은행 퇴직연금 정기예금,DC,3.4,4428323,2025-04-07
5011-101-195258,260,하나은행,하나은행 퇴직연금 정기예금,DC,3.35,2539907,2024-08-17
5011-101-195258,260,KB국민은행,국민은행 퇴직연금 정기예금,DC,3.29,8439,2025-03-09
336-2762-1276-19,137,NH농협은행,농협은행 퇴직연금 정기예금,IRP,3.29,2689,2024-11-14
336-2762-1276-19,137,신한은행,신한은행 퇴직연금 정기예금,IRP,3.29,9891,2024-10-24
336-2762-1276-19,137,우리은행,우리은행 퇴직연금 정기예금,IRP,3.4,738,2025-03-30
336-2762-1276-19,137,하나은행,하나은행 퇴직연금 정기예금,IRP,3.35,12456,2024-08-04
336-2762-1276-19,137,KB국민은행,국민은행 퇴직연금 정기예금,IRP,3.29,21935474,2024-12-20
909-932356-29-054,57,NH농협은행,농협은행 퇴직연금 정기예금,IRP,3.29,8333497,2025-03-04
909-932356-29-054,57,신한은행,신한은행 퇴직연금 정기예금,IRP,3.29,884596,2024-09-01
909-932356-29-054,57,우리은행,우리은행 퇴직연금 정기예금,IRP,3.4,88192667,2024-08-24
909-932356-29-054,57,하나은행,하나은행 퇴직연금 정기예금,IRP,3.35,61255237,2024-07-15
909-932356-29-054,57,KB국민은행,국민은행 퇴직연금 정기예금,IRP,3.29,464,2024-09-12
197-058-748758,106,NH농협은행,농협은행 퇴직연금 정기예금,DC,3.29,728672,2024-08-04
197-058-748758,106,신한은행,신한은행 퇴직연금 정기예금,DC,3.29,3022839,2024-07-16
197-058-748758,106,우리은행,우리은행 퇴직연금 정기예금,DC,3.4,262816,2024-08-11
197-058-748758,106,하나은행,하나은행 퇴직연금 정기예금,DC,3.35,4118554,2024-12-08
197-058-748758,106,KB국민은행,국민은행 퇴직연금 정기예금,DC,3.29,600,2024-11-01
586-517-489448,56,NH농협은행,농협은행 퇴직연금 정기예금,IRP,3.29,7710779,2025-06-06
586-517-489448,56,신한은행,신한은행 퇴직연금 정기예금,IRP,3.29,320,2025-03-10
586-517-489448,56,우리은행,우리은행 퇴직연금 정기예금,IRP,3.4,476613,2024-08-14
586-517-489448,56,하나은행,하나은행 퇴직연금 정기예금,IRP,3.35,56970,2025-03-21
586-517-489448,56,KB국민은행,국민은행 퇴직연금 정기예금,IRP,3.29,38256511,2024-09-02
4059-650-654746,156,NH농협은행,농협은행 퇴직연금 정기예금,DB,3.39,3003064,2024-07-18
4059-650-654746,156,신한은행,신한은행 퇴직연금 정기예금,DB,3.39,29363865,2024-08-07
4059-650-654746,156,하나은행,하나은행 퇴직연금 정기예금,DB,3.45,2665,2025-01-17
4059-650-654746,156,KB국민은행,국민은행 퇴직연금 정기예금,DB,3.39,3049,2024-08-28
680-6610-5040-97,245,NH농협은행,농협은행 퇴직연금 정기예금,DB,3.39,36308637,2024-07-02
680-6610-5040-97,245,신한은행,신한은행 퇴직연금 정기예금,DB,3.39,2473387,2024-11-01
680-6610-5040-97,245,하나은행,하나은행 퇴직연금 정기예금,DB,3.45,878822,2024-08-03
680-6610-5040-97,245,KB국민은행,국민은행 퇴직연금 정기예금,DB,3.39,5468632,2024-08-06
603-1780-1150-10,158,NH농협은행,농협은행 퇴직연금 정기예금,DB,3.39,793042,2024-06-23
603-1780-1150-10,158,신한은행,신한은행 퇴직연금 정기예금,DB,3.39,10479,2025-03-10
603-1780-1150-10,158,하나은행,하나은행 퇴직연금 정기예금,DB,3.45,226,2025-04-18
603-1780-1150-10,158,KB국민은행,국민은행 퇴직연금 정기예금,DB,3.39,903063,2025-03-16
125-593103-45504,195,NH농협은행,농협은행 퇴직연금 정기예금,IRP,3.29,178,2024-12-26
125-593103-45504,195,신한은행,신한은행 퇴직연금 정기예금,IRP,3.29,3143945,2024-08-02
125-593103-45504,195,우리은행,우리은행 퇴직연금 정기예금,IRP,3.4,82970,2025-02-20
125-593103-45504,195,하나은행,하나은행 퇴직연금 정기예금,IRP,3.35,2345492,2024-10-09
125-593103-45504,195,KB국민은행,국민은행 퇴직연금 정기예금,IRP,3.29,12715,2025-04-30
895-63-216829-2,85,NH농협은행,농협은행 퇴직연금 정기예금,DB,3.39,88807849,2024-07-05
895-63-216829-2,85,신한은행,신한은행 퇴직연금 정기예금,DB,3.39,2746093,2024-10-16
895-63-216829-2,85,하나은행,하나은행 퇴직연금 정기예금,DB,3.45,19986030,2024-12-03
895-63-216829-2,85,KB국민은행,국민은행 퇴직연금 정기예금,DB,3.39,5407,2025-01-05
326-4027-4298-84,257,NH농협은행,농협은행 퇴직연금 정기예금,DC,3.29,956593,2025-02-21
326-4027-4298-84,257,신한은행,신한은행 퇴직연금 정기예금,DC,3.29,5154025,2025-03-31
326-4027-4298-84,257,우리은행,우리은행 퇴직연금 정기예금,DC,3.4,81962388,2024-09-07
326-4027-4298-84,257,하나은행,하나은행 퇴직연금 정기예금,DC,3.35,14325,2025-02-01
326-4027-4298-84,257,KB국민은행,국민은행 퇴직연금 정기예금,DC,3.29,200017,2024-08-08
649-016113-33758,243,NH농협은행,농협은행 퇴직연금 정기예금,IRP,3.29,939,2024-09-16
649-016113-33758,243,신한은행,신한은행 퇴직연금 정기예금,IRP,3.29,33924940,2025-04-30
649-016113-33758,243,우리은행,우리은행 퇴직연금 정기예금,IRP,3.4,1284462,2024-10-30
649-016113-33758,243,하나은행,하나은행 퇴직연금 정기예금,IRP,3.35,1244,2024-11-14
649-016113-33758,243,KB국민은행,국민은행 퇴직연금 정기예금,IRP,3.29,8122,2024-08-31
635-723959-26237,2,NH농협은행,농협은행 퇴직연금 정기예금,DC,3.29,227179,2024-10-14
635-723959-26237,2,신한은행,신한은행 퇴직연금 정기예금,DC,3.29,6255322,2024-08-20
635-723959-26237,2,우리은행,우리은행 퇴직연금 정기예금,DC,3.4,73378122,2024-08-31
635-723959-26237,2,하나은행,하나은행 퇴직연금 정기예금,DC,3.35,844,2025-04-17
635-723959-26237,2,KB국민은행,국민은행 퇴직연금 정기예금,DC,3.29,3603611,2024-10-19
875032-65-609677,141,NH농협은행,농협은행 퇴직연금 정기예금,DC,3.29,3371190,2024-07-31
875032-65-609677,141,신한은행,신한은행 퇴직연금 정기예금,DC,3.29,8810547,2024-11-09
875032-65-609677,141,우리은행,우리은행 퇴직연금 정기예금,DC,3.4,284,2024-12-14
875032-65-609677,141,하나은행,하나은행 퇴직연금 정기예금,DC,3.35,24660980,2025-05-19
875032-65-609677,141,KB국민은행,국민은행 퇴직연금 정기예금,DC,3.29,53668906,2025-04-19
642-35-110447-1,49,NH농협은행,농협은행 퇴직연금 정기예금,IRP,3.29,9949468,2024-08-11
642-35-110447-1,49,신한은행,신한은행 퇴직연금 정기예금,IRP,3.29,6650,2024-12-16
642-35-110447-1,49,우리은행,우리은행 퇴직연금 정기예금,IRP,3.4,37869,2024-09-05
642-35-110447-1,49,하나은행,하나은행 퇴직연금 정기예금,IRP,3.35,34007,2024-11-28
642-35-110447-1,49,KB국민은행,국민은행 퇴직연금 정기예금,IRP,3.29,2816,2025-03-02
5337-70-6555028,23,NH농협은행,농협은행 퇴직연금 정기예금,DB,3.39,34042368,2024-12-22
5337-70-6555028,23,신한은행,신한은행 퇴직연금 정기예금,DB,3.39,5655564,2024-10-10
5337-70-6555028,23,하나은행,하나은행 퇴직연금 정기예금,DB,3.45,4586899,2025-05-21
5337-70-6555028,23,KB국민은행,국민은행 퇴직연금 정기예금,DB,3.39,23449962,2024-11-17
7876-737-769892,162,NH농협은행,농협은행 퇴직연금 정기예금,DB,3.39,50176,2025-01-21
7876-737-769892,162,신한은행,신한은행 퇴직연금 정기예금,DB,3.39,44634,2024-06-28
7876-737-769892,162,하나은행,하나은행 퇴직연금 정기예금,DB,3.45,226253,2025-03-12
7876-737-769892,162,KB국민은행,국민은행 퇴직연금 정기예금,DB,3.39,96460258,2025-02-07
447-739-874177,127,NH농협은행,농협은행 퇴직연금 정기예금,DC,3.29,395445,2025-01-29
447-739-874177,127,신한은행,신한은행 퇴직연금 정기예금,DC,3.29,1093,2025-05-23
447-739-874177,127,우리은행,우리은행 퇴직연금 정기예금,DC,3.4,66,2024-08-29
447-739-874177,127,하나은행,하나은행 퇴직연금 정기예금,DC,3.35,2470,2024-07-06
447-739-874177,127,KB국민은행,국민은행 퇴직연금 정기예금,DC,3.29,34004,2025-03-04
086-472497-36458,288,NH농협은행,농협은행 퇴직연금 정기예금,DC,3.29,843,2024-06-13
086-472497-36458,288,신한은행,신한은행 퇴직연금 정기예금,DC,3.29,14478820,2025-01-30
086-472497-36458,288,우리은행,우리은행 퇴직연금 정기예금,DC,3.4,858,2025-04-27
086-472497-36458,288,하나은행,하나은행 퇴직연금 정기예금,DC,3.35,86763410,2025-04-12
086-472497-36458,288,KB국민은행,국민은행 퇴직연금 정기예금,DC,3.29,708206,2025-02-09
0276-199-768641,249,NH농협은행,농협은행 퇴직연금 정기예금,DB,3.39,43680778,2024-08-28
0276-199-768641,249,신한은행,신한은행 퇴직연금 정기예금,DB,3.39,28704482,2024-12-04
0276-199-768641,249,하나은행,하나은행 퇴직연금 정기예금,DB,3.45,502281,2025-03-13
0276-199-768641,249,KB국민은행,국민은행 퇴직연금 정기예금,DB,3.39,29150082,2025-01-10
903-500-731050,184,NH농협은행,농협은행 퇴직연금 정기예금,DB,3.39,36561,2025-01-29
903-500-731050,184,신한은행,신한은행 퇴직연금 정기예금,DB,3.39,63537,2024-09-02
903-500-731050,184,하나은행,하나은행 퇴직연금 정기예금,DB,3.45,6973,2024-07-29
903-500-731050,184,KB국민은행,국민은행 퇴직연금 정기예금,DB,3.39,4756609,2024-10-28
0119-07-2301072,4,NH농협은행,농협은행 퇴직연금 정기예금,DC,3.29,4344705,2025-02-14
0119-07-2301072,4,신한은행,신한은행 퇴직연금 정기예금,DC,3.29,30496,2024-11-09
0119-07-2301072,4,우리은행,우리은행 퇴직연금 정기예금,DC,3.4,730469,2024-07-18
0119-07-2301072,4,하나은행,하나은행 퇴직연금 정기예금,DC,3.35,61,2025-01-24
0119-07-2301072,4,KB국민은행,국민은행 퇴직연금 정기예금,DC,3.29,0,2024-08-28
459-183952-04-758,40,NH농협은행,농협은행 퇴직연금 정기예금,IRP,3.29,19882566,2025-06-11
459-183952-04-758,40,신한은행,신한은행 퇴직연금 정기예금,IRP,3.29,68122743,2024-07-28
459-183952-04-758,40,우리은행,우리은행 퇴직연금 정기예금,IRP,3.4,137876,2025-01-31
459-183952-04-758,40,하나은행,하나은행 퇴직연금 정기예금,IRP,3.35,95890986,2025-03-11
459-183952-04-758,40,KB국민은행,국민은행 퇴직연금 정기예금,IRP,3.29,766,2024-08-26
334-391453-83-582,233,NH농협은행,농협은행 퇴직연금 정기예금,DB,3.39,201040,2024-08-28
334-391453-83-582,233,신한은행,신한은행 퇴직연금 정기예금,DB,3.39,8840455,2025-02-13
334-391453-83-582,233,하나은행,하나은행 퇴직연금 정기예금,DB,3.45,1541582,2025-05-28
334-391453-83-582,233,KB국민은행,국민은행 퇴직연금 정기예금,DB,3.39,12893002,2025-01-07
969-466285-92141,283,NH농협은행,농협은행 퇴직연금 정기예금,IRP,3.29,34836118,2025-01-05
969-466285-92141,283,신한은행,신한은행 퇴직연금 정기예금,IRP,3.29,839375,2025-02-11
969-466285-92141,283,우리은행,우리은행 퇴직연금 정기예금,IRP,3.4,85718,2024-12-29
969-466285-92141,283,하나은행,하나은행 퇴직연금 정기예금,IRP,3.35,882,2025-05-25
969-466285-92141,283,KB국민은행,국민은행 퇴직연금 정기예금,IRP,3.29,409238,2025-02-04
817-486-590468,151,NH농협은행,농협은행 퇴직연금 정기예금,IRP,3.29,378129,2024-11-05
817-486-590468,151,신한은행,신한은행 퇴직연금 정기예금,IRP,3.29,378311,2024-10-09
817-486-590468,151,우리은행,우리은행 퇴직연금 정기예금,IRP,3.4,436,2024-11-27
817-486-590468,151,하나은행,하나은행 퇴직연금 정기예금,IRP,3.35,93433,2025-04-06
817-486-590468,151,KB국민은행,국민은행 퇴직연금 정기예금,IRP,3.29,78408444,2024-10-14
678-389-216629,55,NH농협은행,농협은행 퇴직연금 정기예금,DB,3.39,44230,2024-07-07
678-389-216629,55,신한은행,신한은행 퇴직연금 정기예금,DB,3.39,72025780,2025-03-08
678-389-216629,55,하나은행,하나은행 퇴직연금 정기예금,DB,3.45,25642,2025-02-15
678-389-216629,55,KB국민은행,국민은행 퇴직연금 정기예금,DB,3.39,7953,2024-06-27
5074-92-7017558,275,NH농협은행,농협은행 퇴직연금 정기예금,DB,3.39,3083,2024-09-14
5074-92-7017558,275,신한은행,신한은행 퇴직연금 정기예금,DB,3.39,15366417,2024-09-15
5074-92-7017558,275,하나은행,하나은행 퇴직연금 정기예금,DB,3.45,4093,2025-06-05
5074-92-7017558,275,KB국민은행,국민은행 퇴직연금 정기예금,DB,3.39,5686157,2025-01-31
1054-91-4972834,23,NH농협은행,농협은행 퇴직연금 정기예금,IRP,3.29,7030,2024-10-17
1054-91-4972834,23,신한은행,신한은행 퇴직연금 정기예금,IRP,3.29,18911301,2024-08-04
1054-91-4972834,23,우리은행,우리은행 퇴직연금 정기예금,IRP,3.4,85416129,2025-05-22
1054-91-4972834,23,하나은행,하나은행 퇴직연금 정기예금,IRP,3.35,8311672,2025-05-18
1054-91-4972834,23,KB국민은행,국민은행 퇴직연금 정기예금,IRP,3.29,9395292,2025-01-28
545-44-401694-4,203,NH농협은행,농협은행 퇴직연금 정기예금,DC,3.29,7647457,2025-01-30
545-44-401694-4,203,신한은행,신한은행 퇴직연금 정기예금,DC,3.29,55421270,2024-08-13
545-44-401694-4,203,우리은행,우리은행 퇴직연금 정기예금,DC,3.4,1189720,2024-10-22
545-44-401694-4,203,하나은행,하나은행 퇴직연금 정기예금,DC,3.35,8196,2025-03-05
545-44-401694-4,203,KB국민은행,국민은행 퇴직연금 정기예금,DC,3.29,4371,2025-03-14
663-370441-54382,212,NH농협은행,농협은행 퇴직연금 정기예금,DC,3.29,59841332,2024-10-18
663-370441-54382,212,신한은행,신한은행 퇴직연금 정기예금,DC,3.29,81107,2025-04-23
663-370441-54382,212,우리은행,우리은행 퇴직연금 정기예금,DC,3.4,673790,2024-10-10
663-370441-54382,212,하나은행,하나은행 퇴직연금 정기예금,DC,3.35,95576489,2025-05-11
663-370441-54382,212,KB국민은행,국민은행 퇴직연금 정기예금,DC,3.29,227460,2024-07-26
841678-44-854748,157,NH농협은행,농협은행 퇴직연금 정기예금,DB,3.39,598,2025-04-16
841678-44-854748,157,신한은행,신한은행 퇴직연금 정기예금,DB,3.39,1970903,2024-08-11
841678-44-854748,157,하나은행,하나은행 퇴직연금 정기예금,DB,3.45,2448,2024-10-05
841678-44-854748,157,KB국민은행,국민은행 퇴직연금 정기예금,DB,3.39,1484,2025-06-09
2992-176-109971,218,NH농협은행,농협은행 퇴직연금 정기예금,DB,3.39,843230,2024-12-11
2992-176-109971,218,신한은행,신한은행 퇴직연금 정기예금,DB,3.39,816,2024-11-13
2992-176-109971,218,하나은행,하나은행 퇴직연금 정기예금,DB,3.45,55892253,2025-01-12
2992-176-109971,218,KB국민은행,국민은행 퇴직연금 정기예금,DB,3.39,60655,2025-04-22
239-026-700744,74,NH농협은행,농협은행 퇴직연금 정기예금,DC,3.29,234556,2024-09-03
239-026-700744,74,신한은행,신한은행 퇴직연금 정기예금,DC,3.29,8467246,2024-10-19
239-026-700744,74,우리은행,우리은행 퇴직연금 정기예금,DC,3.4,376772,2025-04-01
239-026-700744,74,하나은행,하나은행 퇴직연금 정기예금,DC,3.35,570759,2025-05-10
239-026-700744,74,KB국민은행,국민은행 퇴직연금 정기예금,DC,3.29,41148011,2025-04-15
833-3110-3082-95,7,NH농협은행,농협은행 퇴직연금 정기예금,DB,3.39,79348,2024-10-05
833-3110-3082-95,7,신한은행,신한은행 퇴직연금 정기예금,DB,3.39,6727967,2024-12-01
833-3110-3082-95,7,하나은행,하나은행 퇴직연금 정기예금,DB,3.45,44023601,2024-11-28
833-3110-3082-95,7,KB국민은행,국민은행 퇴직연금 정기예금,DB,3.39,3421638,2025-05-12
030-68-944651-6,136,NH농협은행,농협은행 퇴직연금 정기예금,DC,3.29,711,2025-06-01
030-68-944651-6,136,신한은행,신한은행 퇴직연금 정기예금,DC,3.29,8302238,2024-07-10
030-68-944651-6,136,우리은행,우리은행 퇴직연금 정기예금,DC,3.4,17664045,2024-09-19
030-68-944651-6,136,하나은행,하나은행 퇴직연금 정기예금,DC,3.35,753351,2025-02-19
030-68-944651-6,136,KB국민은행,국민은행 퇴직연금 정기예금,DC,3.29,37093683,2025-01-03
734-38-750464-8,292,NH농협은행,농협은행 퇴직연금 정기예금,IRP,3.29,3805680,2024-11-08
734-38-750464-8,292,신한은행,신한은행 퇴직연금 정기예금,IRP,3.29,55742,2024-07-20
734-38-750464-8,292,우리은행,우리은행 퇴직연금 정기예금,IRP,3.4,363,2024-10-12
734-38-750464-8,292,하나은행,하나은행 퇴직연금 정기예금,IRP,3.35,6240820,2024-08-12
734-38-750464-8,292,KB국민은행,국민은행 퇴직연금 정기예금,IRP,3.29,360440,2024-06-21
377313-99-695932,111,NH농협은행,농협은행 퇴직연금 정기예금,IRP,3.29,459,2024-10-26
377313-99-695932,111,신한은행,신한은행 퇴직연금 정기예금,IRP,3.29,8553,2024-06-22
377313-99-695932,111,우리은행,우리은행 퇴직연금 정기예금,IRP,3.4,32029513,2025-05-05
377313-99-695932,111,하나은행,하나은행 퇴직연금 정기예금,IRP,3.35,3961654,2025-04-05
377313-99-695932,111,KB국민은행,국민은행 퇴직연금 정기예금,IRP,3.29,352,2024-07-13
234637-55-871053,195,NH농협은행,농협은행 퇴직연금 정기예금,DB,3.39,28712,2024-08-09
234637-55-871053,195,신한은행,신한은행 퇴직연금 정기예금,DB,3.39,95312,2025-05-24
234637-55-871053,195,하나은행,하나은행 퇴직연금 정기예금,DB,3.45,96875947,2024-07-25
234637-55-871053,195,KB국민은행,국민은행 퇴직연금 정기예금,DB,3.39,37336,2025-03-30
913-130083-03-351,143,NH농협은행,농협은행 퇴직연금 정기예금,IRP,3.29,72224832,2024-09-07
913-130083-03-351,143,신한은행,신한은행 퇴직연금 정기예금,IRP,3.29,113,2024-09-14
913-130083-03-351,143,우리은행,우리은행 퇴직연금 정기예금,IRP,3.4,98948,2024-08-25
913-130083-03-351,143,하나은행,하나은행 퇴직연금 정기예금,IRP,3.35,4524,2024-08-26
913-130083-03-351,143,KB국민은행,국민은행 퇴직연금 정기예금,IRP,3.29,366020,2024-12-03
272-7921-2788-09,35,NH농협은행,농협은행 퇴직연금 정기예금,DC,3.29,87876,2025-03-31
272-7921-2788-09,35,신한은행,신한은행 퇴직연금 정기예금,DC,3.29,4272905,2025-05-08
272-7921-2788-09,35,우리은행,우리은행 퇴직연금 정기예금,DC,3.4,2981,2025-04-12
272-7921-2788-09,35,하나은행,하나은행 퇴직연금 정기예금,DC,3.35,81189843,2024-10-13
272-7921-2788-09,35,KB국민은행,국민은행 퇴직연금 정기예금,DC,3.29,99065,2025-01-13
218325-52-752072,231,NH농협은행,농협은행 퇴직연금 정기예금,IRP,3.29,34952,2024-07-18
218325-52-752072,231,신한은행,신한은행 퇴직연금 정기예금,IRP,3.29,11832708,2025-03-23
218325-52-752072,231,우리은행,우리은행 퇴직연금 정기예금,IRP,3.4,168,2025-01-21
218325-52-752072,231,하나은행,하나은행 퇴직연금 정기예금,IRP,3.35,269881,2025-01-16
218325-52-752072,231,KB국민은행,국민은행 퇴직연금 정기예금,IRP,3.29,407,2025-05-23
260-500-801785,220,NH농협은행,농협은행 퇴직연금 정기예금,IRP,3.29,731324,2025-01-21
260-500-801785,220,신한은행,신한은행 퇴직연금 정기예금,IRP,3.29,67920,2025-03-17
260-500-801785,220,우리은행,우리은행 퇴직연금 정기예금,IRP,3.4,533,2024-10-16
260-500-801785,220,하나은행,하나은행 퇴직연금 정기예금,IRP,3.35,48388,2024-07-28
260-500-801785,220,KB국민은행,국민은행 퇴직연금 정기예금,IRP,3.29,6463,2025-03-02
038-5846-3490-82,2,NH농협은행,농협은행 퇴직연금 정기예금,IRP,3.29,35168136,2024-07-02
038-5846-3490-82,2,신한은행,신한은행 퇴직연금 정기예금,IRP,3.29,436,2024-10-22
038-5846-3490-82,2,우리은행,우리은행 퇴직연금 정기예금,IRP,3.4,936,2025-05-18
038-5846-3490-82,2,하나은행,하나은행 퇴직연금 정기예금,IRP,3.35,2909,2024-10-21
038-5846-3490-82,2,KB국민은행,국민은행 퇴직연금 정기예금,IRP,3.29,530133,2025-04-08
617-901936-31063,144,NH농협은행,농협은행 퇴직연금 정기예금,DB,3.39,76171,2024-06-25
617-901936-31063,144,신한은행,신한은행 퇴직연금 정기예금,DB,3.39,182912,2024-08-01
617-901936-31063,144,하나은행,하나은행 퇴직연금 정기예금,DB,3.45,8651732,2024-06-25
617-901936-31063,144,KB국민은행,국민은행 퇴직연금 정기예금,DB,3.39,60922657,2024-08-23
957284-89-056684,267,NH농협은행,농협은행 퇴직연금 정기예금,IRP,3.29,99855144,2025-01-13
957284-89-056684,267,신한은행,신한은행 퇴직연금 정기예금,IRP,3.29,252,2024-10-19
957284-89-056684,267,우리은행,우리은행 퇴직연금 정기예금,IRP,3.4,8148,2025-01-06
957284-89-056684,267,하나은행,하나은행 퇴직연금 정기예금,IRP,3.35,430154,2024-09-25
957284-89-056684,267,KB국민은행,국민은행 퇴직연금 정기예금,IRP,3.29,37434934,2025-01-30
7350-132-503163,253,NH농협은행,농협은행 퇴직연금 정기예금,DC,3.29,7528401,2025-06-08
7350-132-503163,253,신한은행,신한은행 퇴직연금 정기예금,DC,3.29,692274,2025-04-03
7350-132-503163,253,우리은행,우리은행 퇴직연금 정기예금,DC,3.4,5538780,2025-02-15
7350-132-503163,253,하나은행,하나은행 퇴직연금 정기예금,DC,3.35,74162,2024-07-10
7350-132-503163,253,KB국민은행,국민은행 퇴직연금 정기예금,DC,3.29,67984294,2024-12-12
0227-745-989038,28,NH농협은행,농협은행 퇴직연금 정기예금,DC,3.29,2058,2025-04-26
0227-745-989038,28,신한은행,신한은행 퇴직연금 정기예금,DC,3.29,125381,2024-06-25
0227-745-989038,28,우리은행,우리은행 퇴직연금 정기예금,DC,3.4,45520,2025-05-19
0227-745-989038,28,하나은행,하나은행 퇴직연금 정기예금,DC,3.35,4199,2025-01-03
0227-745-989038,28,KB국민은행,국민은행 퇴직연금 정기예금,DC,3.29,9509723,2024-07-13
464-6013-3591-41,187,NH농협은행,농협은행 퇴직연금 정기예금,DC,3.29,4143335,2024-09-18
464-6013-3591-41,187,신한은행,신한은행 퇴직연금 정기예금,DC,3.29,601,2025-03-17
464-6013-3591-41,187,우리은행,우리은행 퇴직연금 정기예금,DC,3.4,657,2024-09-18
464-6013-3591-41,187,하나은행,하나은행 퇴직연금 정기예금,DC,3.35,9346834,2024-08-27
464-6013-3591-41,187,KB국민은행,국민은행 퇴직연금 정기예금,DC,3.29,868805,2024-11-05
525-8372-1516-06,29,NH농협은행,농협은행 퇴직연금 정기예금,IRP,3.29,56278577,2024-10-23
525-8372-1516-06,29,신한은행,신한은행 퇴직연금 정기예금,IRP,3.29,990437,2024-10-12
525-8372-1516-06,29,우리은행,우리은행 퇴직연금 정기예금,IRP,3.4,7355484,2025-04-13
525-8372-1516-06,29,하나은행,하나은행 퇴직연금 정기예금,IRP,3.35,7531381,2024-10-08
525-8372-1516-06,29,KB국민은행,국민은행 퇴직연금 정기예금,IRP,3.29,5089,2025-04-04
4840-24-4376663,115,NH농협은행,농협은행 퇴직연금 정기예금,DC,3.29,115,2024-07-01
4840-24-4376663,115,신한은행,신한은행 퇴직연금 정기예금,DC,3.29,441336,2025-02-25
4840-24-4376663,115,우리은행,우리은행 퇴직연금 정기예금,DC,3.4,37749,2024-09-09
4840-24-4376663,115,하나은행,하나은행 퇴직연금 정기예금,DC,3.35,953553,2024-12-30
4840-24-4376663,115,KB국민은행,국민은행 퇴직연금 정기예금,DC,3.29,745,2025-01-02
794591-99-068989,240,NH농협은행,농협은행 퇴직연금 정기예금,IRP,3.29,51557556,2025-02-21
794591-99-068989,240,신한은행,신한은행 퇴직연금 정기예금,IRP,3.29,538933,2024-10-02
794591-99-068989,240,우리은행,우리은행 퇴직연금 정기예금,IRP,3.4,678,2024-09-24
794591-99-068989,240,하나은행,하나은행 퇴직연금 정기예금,IRP,3.35,38443,2025-03-06
794591-99-068989,240,KB국민은행,국민은행 퇴직연금 정기예금,IRP,3.29,6168,2024-08-07
450-13-157780-8,107,NH농협은행,농협은행 퇴직연금 정기예금,DB,3.39,3572,2024-07-29
450-13-157780-8,107,신한은행,신한은행 퇴직연금 정기예금,DB,3.39,920,2024-10-30
450-13-157780-8,107,하나은행,하나은행 퇴직연금 정기예금,DB,3.45,43257681,2025-05-05
450-13-157780-8,107,KB국민은행,국민은행 퇴직연금 정기예금,DB,3.39,32899178,2024-07-12
020-765578-21970,99,NH농협은행,농협은행 퇴직연금 정기예금,DC,3.29,171,2025-03-07
020-765578-21970,99,신한은행,신한은행 퇴직연금 정기예금,DC,3.29,6714,2025-02-13
020-765578-21970,99,우리은행,우리은행 퇴직연금 정기예금,DC,3.4,9382,2025-03-09
020-765578-21970,99,하나은행,하나은행 퇴직연금 정기예금,DC,3.35,600005,2025-02-17
020-765578-21970,99,KB국민은행,국민은행 퇴직연금 정기예금,DC,3.29,5730,2024-09-18
135-157407-89804,49,NH농협은행,농협은행 퇴직연금 정기예금,DB,3.39,5570,2024-07-05
135-157407-89804,49,신한은행,신한은행 퇴직연금 정기예금,DB,3.39,5109872,2025-06-01
135-157407-89804,49,하나은행,하나은행 퇴직연금 정기예금,DB,3.45,5797905,2025-04-13
135-157407-89804,49,KB국민은행,국민은행 퇴직연금 정기예금,DB,3.39,101,2024-12-30
318-350469-37918,105,NH농협은행,농협은행 퇴직연금 정기예금,IRP,3.29,4136,2025-05-14
318-350469-37918,105,신한은행,신한은행 퇴직연금 정기예금,IRP,3.29,529443,2024-06-20
318-350469-37918,105,우리은행,우리은행 퇴직연금 정기예금,IRP,3.4,394430,2024-06-25
318-350469-37918,105,하나은행,하나은행 퇴직연금 정기예금,IRP,3.35,3454,2025-01-02
318-350469-37918,105,KB국민은행,국민은행 퇴직연금 정기예금,IRP,3.29,38849,2024-09-28
444-9674-3745-87,34,NH농협은행,농협은행 퇴직연금 정기예금,DB,3.39,2592103,2024-06-23
444-9674-3745-87,34,신한은행,신한은행 퇴직연금 정기예금,DB,3.39,779448,2025-03-05
444-9674-3745-87,34,하나은행,하나은행 퇴직연금 정기예금,DB,3.45,188,2025-04-12
444-9674-3745-87,34,KB국민은행,국민은행 퇴직연금 정기예금,DB,3.39,3006,2025-01-09
660-6242-4729-53,234,NH농협은행,농협은행 퇴직연금 정기예금,DC,3.29,682333,2024-09-07
660-6242-4729-53,234,신한은행,신한은행 퇴직연금 정기예금,DC,3.29,798775,2025-01-22
660-6242-4729-53,234,우리은행,우리은행 퇴직연금 정기예금,DC,3.4,1641,2024-10-01
660-6242-4729-53,234,하나은행,하나은행 퇴직연금 정기예금,DC,3.35,157,2025-05-09
660-6242-4729-53,234,KB국민은행,국민은행 퇴직연금 정기예금,DC,3.29,31817,2024-08-26
7977-082-574140,41,NH농협은행,농협은행 퇴직연금 정기예금,DC,3.29,910736,2024-07-03
7977-082-574140,41,신한은행,신한은행 퇴직연금 정기예금,DC,3.29,516,2024-11-05
7977-082-574140,41,우리은행,우리은행 퇴직연금 정기예금,DC,3.4,861,2025-03-03
7977-082-574140,41,하나은행,하나은행 퇴직연금 정기예금,DC,3.35,205,2025-01-26
7977-082-574140,41,KB국민은행,국민은행 퇴직연금 정기예금,DC,3.29,80142817,2025-06-08
9530-780-663724,272,NH농협은행,농협은행 퇴직연금 정기예금,DB,3.39,98148565,2024-10-12
9530-780-663724,272,신한은행,신한은행 퇴직연금 정기예금,DB,3.39,36889102,2025-03-14
9530-780-663724,272,하나은행,하나은행 퇴직연금 정기예금,DB,3.45,918,2025-05-06
9530-780-663724,272,KB국민은행,국민은행 퇴직연금 정기예금,DB,3.39,298506,2024-10-10
361-685-593196,126,NH농협은행,농협은행 퇴직연금 정기예금,DC,3.29,93383,2025-03-04
361-685-593196,126,신한은행,신한은행 퇴직연금 정기예금,DC,3.29,41130549,2025-04-24
361-685-593196,126,우리은행,우리은행 퇴직연금 정기예금,DC,3.4,97482,2024-08-09
361-685-593196,126,하나은행,하나은행 퇴직연금 정기예금,DC,3.35,7491256,2025-04-17
361-685-593196,126,KB국민은행,국민은행 퇴직연금 정기예금,DC,3.29,1108,2025-02-07
128-423787-43-422,113,NH농협은행,농협은행 퇴직연금 정기예금,DB,3.39,73754969,2024-10-10
128-423787-43-422,113,신한은행,신한은행 퇴직연금 정기예금,DB,3.39,50690,2024-11-25
128-423787-43-422,113,하나은행,하나은행 퇴직연금 정기예금,DB,3.45,14904,2024-11-16
128-423787-43-422,113,KB국민은행,국민은행 퇴직연금 정기예금,DB,3.39,18133271,2025-06-12
355-016-012975,161,NH농협은행,농협은행 퇴직연금 정기예금,IRP,3.29,76666680,2025-06-09
355-016-012975,161,신한은행,신한은행 퇴직연금 정기예금,IRP,3.29,3449,2025-02-28
355-016-012975,161,우리은행,우리은행 퇴직연금 정기예금,IRP,3.4,496,2025-03-09
355-016-012975,161,하나은행,하나은행 퇴직연금 정기예금,IRP,3.35,568430,2025-02-08
355-016-012975,161,KB국민은행,국민은행 퇴직연금 정기예금,IRP,3.29,9094251,2025-05-12
787-680032-40-754,299,NH농협은행,농협은행 퇴직연금 정기예금,DB,3.39,602776,2025-03-30
787-680032-40-754,299,신한은행,신한은행 퇴직연금 정기예금,DB,3.39,645,2025-04-19
787-680032-40-754,299,하나은행,하나은행 퇴직연금 정기예금,DB,3.45,2713,2025-03-19
787-680032-40-754,299,KB국민은행,국민은행 퇴직연금 정기예금,DB,3.39,7111,2024-07-19
826-78-641870-2,77,NH농협은행,농협은행 퇴직연금 정기예금,DC,3.29,395527,2024-12-15
826-78-641870-2,77,신한은행,신한은행 퇴직연금 정기예금,DC,3.29,933,2024-11-23
826-78-641870-2,77,우리은행,우리은행 퇴직연금 정기예금,DC,3.4,413,2025-03-15
826-78-641870-2,77,하나은행,하나은행 퇴직연금 정기예금,DC,3.35,41336437,2024-07-30
826-78-641870-2,77,KB국민은행,국민은행 퇴직연금 정기예금,DC,3.29,92195,2024-10-30
646-749994-40-344,170,NH농협은행,농협은행 퇴직연금 정기예금,IRP,3.29,82237955,2024-09-12
646-749994-40-344,170,신한은행,신한은행 퇴직연금 정기예금,IRP,3.29,4782430,2025-01-13
646-749994-40-344,170,우리은행,우리은행 퇴직연금 정기예금,IRP,3.4,28931270,2025-02-13
646-749994-40-344,170,하나은행,하나은행 퇴직연금 정기예금,IRP,3.35,3840645,2024-12-17
646-749994-40-344,170,KB국민은행,국민은행 퇴직연금 정기예금,IRP,3.29,40487,2024-08-31
7346-981-613412,124,NH농협은행,농협은행 퇴직연금 정기예금,DC,3.29,4403693,2024-08-12
7346-981-613412,124,신한은행,신한은행 퇴직연금 정기예금,DC,3.29,79423297,2024-09-19
7346-981-613412,124,우리은행,우리은행 퇴직연금 정기예금,DC,3.4,90631089,2024-10-04
7346-981-613412,124,하나은행,하나은행 퇴직연금 정기예금,DC,3.35,218857,2025-05-27
7346-981-613412,124,KB국민은행,국민은행 퇴직연금 정기예금,DC,3.29,668493,2024-09-08
1770-312-262621,227,NH농협은행,농협은행 퇴직연금 정기예금,DB,3.39,9327514,2024-08-12
1770-312-262621,227,신한은행,신한은행 퇴직연금 정기예금,DB,3.39,1112990,2024-12-16
1770-312-262621,227,하나은행,하나은행 퇴직연금 정기예금,DB,3.45,23149320,2025-03-17
1770-312-262621,227,KB국민은행,국민은행 퇴직연금 정기예금,DB,3.39,42980919,2024-09-19
636-242345-46871,222,NH농협은행,농협은행 퇴직연금 정기예금,DB,3.39,229,2025-03-26
636-242345-46871,222,신한은행,신한은행 퇴직연금 정기예금,DB,3.39,172,2025-02-28
636-242345-46871,222,하나은행,하나은행 퇴직연금 정기예금,DB,3.45,854,2024-09-29
636-242345-46871,222,KB국민은행,국민은행 퇴직연금 정기예금,DB,3.39,9738,2025-05-20
4631-484-351234,91,NH농협은행,농협은행 퇴직연금 정기예금,IRP,3.29,7264421,2024-07-25
4631-484-351234,91,신한은행,신한은행 퇴직연금 정기예금,IRP,3.29,9514170,2024-09-27
4631-484-351234,91,우리은행,우리은행 퇴직연금 정기예금,IRP,3.4,82144733,2024-12-03
4631-484-351234,91,하나은행,하나은행 퇴직연금 정기예금,IRP,3.35,206282,2025-02-07
4631-484-351234,91,KB국민은행,국민은행 퇴직연금 정기예금,IRP,3.29,11296923,2024-07-11
222-728343-18575,8,NH농협은행,농협은행 퇴직연금 정기예금,IRP,3.29,66527,2024-11-06
222-728343-18575,8,신한은행,신한은행 퇴직연금 정기예금,IRP,3.29,676,2024-08-26
222-728343-18575,8,우리은행,우리은행 퇴직연금 정기예금,IRP,3.4,66490,2025-05-30
222-728343-18575,8,하나은행,하나은행 퇴직연금 정기예금,IRP,3.35,45191963,2024-12-20
222-728343-18575,8,KB국민은행,국민은행 퇴직연금 정기예금,IRP,3.29,21828780,2024-07-25
788043-00-240052,251,NH농협은행,농협은행 퇴직연금 정기예금,IRP,3.29,490970,2025-01-04
788043-00-240052,251,신한은행,신한은행 퇴직연금 정기예금,IRP,3.29,800259,2025-03-19
788043-00-240052,251,우리은행,우리은행 퇴직연금 정기예금,IRP,3.4,4762,2025-02-11
788043-00-240052,251,하나은행,하나은행 퇴직연금 정기예금,IRP,3.35,467,2024-07-11
788043-00-240052,251,KB국민은행,국민은행 퇴직연금 정기예금,IRP,3.29,47731,2024-06-22
1964-681-853812,197,NH농협은행,농협은행 퇴직연금 정기예금,DB,3.39,5733,2025-02-19
1964-681-853812,197,신한은행,신한은행 퇴직연금 정기예금,DB,3.39,52189501,2025-04-15
1964-681-853812,197,하나은행,하나은행 퇴직연금 정기예금,DB,3.45,322205,2024-11-25
1964-681-853812,197,KB국민은행,국민은행 퇴직연금 정기예금,DB,3.39,6484,2024-10-14
351-825187-27-496,225,NH농협은행,농협은행 퇴직연금 정기예금,IRP,3.29,1752725,2025-02-27
351-825187-27-496,225,신한은행,신한은행 퇴직연금 정기예금,IRP,3.29,5240075,2024-12-11
351-825187-27-496,225,우리은행,우리은행 퇴직연금 정기예금,IRP,3.4,38386372,2025-03-31
351-825187-27-496,225,하나은행,하나은행 퇴직연금 정기예금,IRP,3.35,24815,2024-12-07
351-825187-27-496,225,KB국민은행,국민은행 퇴직연금 정기예금,IRP,3.29,92789,2025-05-13
239-639524-97-179,35,NH농협은행,농협은행 퇴직연금 정기예금,IRP,3.29,5730,2024-09-19
239-639524-97-179,35,신한은행,신한은행 퇴직연금 정기예금,IRP,3.29,15507829,2024-10-04
239-639524-97-179,35,우리은행,우리은행 퇴직연금 정기예금,IRP,3.4,583028,2025-06-08
239-639524-97-179,35,하나은행,하나은행 퇴직연금 정기예금,IRP,3.35,89496,2024-11-21
239-639524-97-179,35,KB국민은행,국민은행 퇴직연금 정기예금,IRP,3.29,1015751,2024-12-14
705995-04-476639,207,NH농협은행,농협은행 퇴직연금 정기예금,DC,3.29,146372,2024-12-22
705995-04-476639,207,신한은행,신한은행 퇴직연금 정기예금,DC,3.29,339073,2025-03-06
705995-04-476639,207,우리은행,우리은행 퇴직연금 정기예금,DC,3.4,497932,2024-08-11
705995-04-476639,207,하나은행,하나은행 퇴직연금 정기예금,DC,3.35,40953339,2025-01-01
705995-04-476639,207,KB국민은행,국민은행 퇴직연금 정기예금,DC,3.29,7012,2025-05-23
0187-047-413086,193,NH농협은행,농협은행 퇴직연금 정기예금,IRP,3.29,342985,2025-05-11
0187-047-413086,193,신한은행,신한은행 퇴직연금 정기예금,IRP,3.29,25206221,2025-01-18
0187-047-413086,193,우리은행,우리은행 퇴직연금 정기예금,IRP,3.4,16022,2024-08-10
0187-047-413086,193,하나은행,하나은행 퇴직연금 정기예금,IRP,3.35,20700,2024-07-19
0187-047-413086,193,KB국민은행,국민은행 퇴직연금 정기예금,IRP,3.29,335862,2025-04-23
246-190859-42576,61,NH농협은행,농협은행 퇴직연금 정기예금,IRP,3.29,84175466,2024-07-22
246-190859-42576,61,신한은행,신한은행 퇴직연금 정기예금,IRP,3.29,11426714,2024-11-28
246-190859-42576,61,우리은행,우리은행 퇴직연금 정기예금,IRP,3.4,321021,2025-04-12
246-190859-42576,61,하나은행,하나은행 퇴직연금 정기예금,IRP,3.35,756593,2024-11-03
246-190859-42576,61,KB국민은행,국민은행 퇴직연금 정기예금,IRP,3.29,82005,2025-06-03
