account_no,stock_code
2802-9928,140860
57453691-384,096770
64729240-98,352820
19570427-61,316140
21042763-309,185750
29739358-897,017800
6784-3729,377300
57703722-844,282330
81999842-58,067630
207–7617–5277-7,051900
03355597-75,084370
81428145-58,005490
76573514-730,259960
015-87-741911,272210
457–1494–0267-6,000660
6886-2629,137310
930-90-661065,005300
909–1984–8664-5,011070
804–2598–2677-6,395400
440–2737–3732-9,084370
3359-3792,402340
020311-496729,280360
8128-1453,051900
2439-9131,011780
449-36-583547,000990
213-03-283421,042660
0654-8904,237690
13772543-60,036460
36030052-24,009240
471827-794898,081660
100–2356–8600-7,029780
077–9419–7196-5,055550
06264867-86,007070
091516-456453,041510
6934-1139,068760
30265088-30,028300
19897556-06,138930
11065997-06,298040
19897556-06,035760
8116-5787,028300
6134-8260,263750
69736784-623,096770
25820658-789,042660
33218844-38,196170
749–4332–2027-8,097950
246996-432360,088980
903827-599704,000880
99686668-30,298380
544–1128–6222-4,028050
544–1128–6222-4,097950
565–9049–7951-6,241560
645-58-015321,011790
5744-0125,034020
001-63-550645,051600
632375-428679,026960
86392216-60,028300
0372-8394,000100
426–6012–2857-8,001570
416257-975923,009150
3373-9477,005380
53626823-930,051915
092–1787–1106-3,015760
780-22-410359,010620
020311-496729,028670
9118-2233,280360
8055-5195,454910
090560-973563,028300
1541-8941,001040
401324-939797,399720
1541-8941,098460
457–1494–0267-6,012450
57703722-844,375500
601807-667632,120110
43188995-715,008930
33218844-38,035760
639-88-974791,017800
88110639-254,141080
5528-8893,004490
691346-945441,011790
541–3132–0225-2,012330
915-22-424118,103140
026-01-021802,009520
20682617-05,012330
797117-646248,005935
14909997-75,145020
109–3871–7361-3,001570
29104941-95,029780
257–6075–8438-5,222800
265905-985777,138040
194–0738–4208-9,008730
466-45-509807,138930
119-35-022940,302440
245094-921679,161390
948880-122494,055550
60693865-09,015760
119-35-022940,000990
412-75-037169,403870
083492-288398,000660
562–8321–0989-3,006280
480-30-333809,012330
85005738-24,005935
6960-4949,006280
7101-6501,004800
353322-860832,017670
5866-7914,192820
449-36-583547,195940
090560-973563,089030
196–3126–6137-6,018670
341–7669–0156-0,000270
852-18-831177,329180
860677-355912,079550
44447146-187,285130
364223-020823,018260
820226-385342,267270
091516-456453,021240
66983203-516,086520
790–4243–4953-2,001570
68455433-74,004020
41283479-48,166090
541-19-468083,316140
76690231-791,003670
209-55-320679,006400
947-27-757179,010950
618–3336–2937-3,103140
853–6154–3898-5,010950
5877-8627,214150
22601010-07,018880
8666-5524,138930
90300518-16,006360
271-26-260768,004370
943-44-271558,004170
091516-456453,207940
252-91-175889,011170
956-65-465028,036930
879-08-306270,014680
541-19-468083,139480
72481549-32,365340
956-65-465028,022100
114-54-676040,352820
37259327-018,237690
87110278-040,088980
07868173-591,192080
259517-428809,017670
898-11-715439,051910
345221-335934,000240
5086-8132,007310
41171877-80,025900
20682617-05,005420
41283479-48,066970
374–9320–7439-8,067160
9825-9471,003670
58770203-51,336260
980–3119–6218-8,081660
491–3201–3217-7,281740
663-99-640333,204320
32179418-056,272210
32349681-91,139130
91194168-046,293490
615–6024–9493-4,090430
4756-7624,105560
049–5923–0973-1,005940
17224984-14,207940
22994316-00,004800
922-82-495713,240810
48315467-70,000400
691346-945441,009150
525-54-367003,064760
418–0611–3406-4,005830
61550345-21,069620
945365-763338,001740
876011-745290,035720
416227-994243,033780
624–3845–7089-8,272210
48323716-20,069620
60516966-46,112610
93672354-228,282330
109–3871–7361-3,006280
549791-477974,002790
36030052-24,035720
366-41-435712,068760
176–2732–9331-1,282330
401324-939797,240810
549791-477974,000120
565010-766640,005380
892–0797–0578-8,120110
75524736-561,001440
700–7083–6061-5,112040
205–5492–5385-3,051900
0303-9109,005930
17038329-23,006360
06495874-88,329180
11684466-25,018260
663-99-640333,010950
6033-1280,417200
14599064-157,004990
0363-0435,011170
74503954-279,090430
045058-734381,001740
93232136-295,014820
831334-983196,009240
21692830-23,052690
62153886-738,028670
315752-290695,285130
81428145-58,329180
546539-300908,078600
949–4477–3165-8,047920
2379-0090,112040
3215-6393,098460
307782-878880,328130
562–8321–0989-3,052690
525-54-367003,025900
107982-561868,006280
848–3158–5548-0,145720
120-01-677685,365340
790–4243–4953-2,035900
647-97-272197,180640
20682617-05,161890
250-35-088431,000880
786-07-903519,393890
26638587-087,214450
250–3976–7745-2,016360
033600-280125,035420
93576216-65,017670
3536-3120,036570
3595-1573,138040
2184-9670,079550
27260469-950,005420
3434-1848,067160
2079-8610,068760
032-06-523913,078930
190–2633–6205-0,096770
3373-9477,020150
03355597-75,068270
1132-9572,302440
58060623-55,329180
4895-5581,195940
129-56-801294,323410
147-46-926332,005420
82755515-689,137400
5720-1977,036540
205–5492–5385-3,000250
23906952-43,253450
2559-3347,010140
412-75-037169,214150
4293-3000,214450
9931-8374,000150
4833-0055,000210
98225420-75,166090
44940276-692,066570
7018-6962,328130
9216-9188,005300
951-49-138188,008930
62380504-802,068760
124042-011038,112610
525-54-367003,034220
95786655-89,000990
62441012-95,032830
425–8694–3837-3,010140
906-53-899499,009830
947-27-757179,120110
8055-5195,138930
212525-894683,067160
35967223-626,141080
63684092-64,041510
77657991-31,051900
8150-7704,069620
22601010-07,036460
137-27-322415,307950
259517-428809,011790
8022-8467,000080
75524736-561,041510
368880-820189,009970
281-96-286019,139130
366-41-435712,016360
961–6628–4488-3,272210
8022-8467,008770
81428145-58,009420
721-96-486275,006260
8376-2813,241560
37336133-67,007660
70328436-601,005935
4388-6506,005070
775377-848582,081660
095–0423–7275-8,352820
61550345-21,352820
212525-894683,010060
056–1027–4474-3,161890
9696-1417,007310
2353-2411,010120
25820658-789,010060
794463-544498,032830
787–2064–1450-1,018880
9034-8909,014680
137-27-322415,138930
18242596-303,068760
9034-8909,298040
848–3158–5548-0,003490
535175-006138,028670
287–6687–6121-4,000150
546–7271–9563-4,192820
53645403-00,012510
81428145-58,361610
655887-584850,079550
74503954-279,108320
8376-2813,090430
194–0738–4208-9,035760
119-35-022940,282330
21692830-23,035760
022–0704–3376-7,096530
110–3582–8826-2,030200
879–6537–3395-9,015760
719385-894569,081660
99546275-11,395400
8378-1473,034730
997317-011669,026960
23089154-83,033100
373282-117191,024110
592900-925553,010140
405-79-113430,161890
786-07-903519,003230
9931-8374,007660
898-11-715439,005070
325–8883–1176-8,005850
892–0797–0578-8,000720
988718-074278,003550
285-52-339020,090430
833–2848–8054-7,016360
405-79-113430,137310
989–2611–3525-1,010120
406–0108–6271-3,005935
855961-203492,180640
898-11-715439,098460
176–2732–9331-1,047050
988718-074278,005940
457–1494–0267-6,294870
325–8883–1176-8,141080
5866-7914,213420
7018-6962,010950
478-68-954915,003410
5601-4717,365340
271-26-260768,036570
156–9677–3386-0,001040
21323484-639,073240
38673885-38,039490
94912359-080,000270
1372-3925,294870
691346-945441,096530
616–8850–1939-9,185750
707–5647–4984-8,005070
57703722-844,042660
064–3998–8126-6,034230
1310-7903,004990
04225914-63,293490
471–9068–4432-2,030200
9271-2143,004490
310–7609–5128-8,395400
107982-561868,004990
281–0077–4181-9,012330
4388-6506,010060
603–1960–7103-1,000100
649456-581888,073240
5354-7736,006110
1838-6860,068760
70325339-638,214150
1232-6001,028300
780785-935960,005380
5877-8627,006260
61550345-21,348370
452–5072–0886-1,005380
431–8114–9252-1,195940
2184-9670,196170
352-63-044077,457190
285-52-339020,004990
365–9198–0015-4,005935
461–1760–0555-9,036830
95266979-58,064350
957606-261441,003090
18356749-362,005300
924425-126548,003490
9652-7015,005300
853–6154–3898-5,066570
2184-9670,051910
61377941-723,277810
168-17-097458,145720
791-37-394070,204320
184-36-446637,280360
21233074-982,009970
1232-6001,066570
253–0438–5223-1,402340
62153886-738,180640
944–3598–2550-0,005830
41863502-49,007070
244-35-325816,241560
924425-126548,140410
5060-7352,064350
271-26-260768,009540
65476837-13,326030
9750-2366,005070
26638587-087,417200
212525-894683,000240
525-54-367003,000990
935–1451–2545-4,120110
719385-894569,065350
780-22-410359,051900
765–1037–0720-9,026960
01097423-71,005070
122-20-939201,009240
779–7836–0102-1,036460
4756-7903,000880
090560-973563,011780
7057-9657,051915
6484-2736,241560
5575-7467,041510
647853-610545,051915
139-64-075145,034230
556290-782177,067160
164178-606887,009830
088946-441637,196170
863-96-651283,277810
19897556-06,003550
418–0611–3406-4,003690
06275886-03,036460
974-62-643786,361610
961–4121–8827-7,003490
360–6880–0688-6,003490
53626823-930,353200
44091270-21,237690
456-19-145134,251270
480-30-333809,005070
379838-972893,086520
31496684-203,204320
3225-9937,014820
0303-9109,014820
107982-561868,112040
07532321-168,240810
323188-497035,004020
31843368-465,078600
25633982-468,121600
695-93-559116,010620
360–6880–0688-6,009970
025-70-234415,011070
65647747-78,010620
207–7617–5277-7,138040
288-96-565351,011200
86532979-13,016360
69879837-63,185750
758-10-961519,139480
889–7440–6259-1,039490
615–6024–9493-4,003690
935–1451–2545-4,009150
836332-038054,068760
780785-935960,017860
4378-2795,047040
960-17-231460,005380
03572721-578,073240
375–0690–9868-9,011790
368880-820189,003670
355–5187–7017-0,028050
1147-7226,000810
00594065-78,003410
07426759-71,009150
353322-860832,214370
77104574-44,180640
40208998-91,222800
207–7617–5277-7,003670
8128-1453,001440
4756-7903,003690
632375-428679,008930
885–8277–3291-6,161890
5354-7736,336370
639-88-974791,277810
94788506-61,068760
80211459-64,073240
27260469-950,214450
588535-764609,195940
67378090-575,001120
8128-1453,003670
45066823-188,003230
49348855-95,138930
452–5072–0886-1,030200
11684466-25,034020
3215-6393,383310
526–4982–0130-1,000080
045–4306–5399-6,259960
0080-8432,064350
00594065-78,005290
17038329-23,079550
989–2611–3525-1,064760
464934-390256,035900
241-28-213672,088350
601807-667632,010620
29222309-57,267250
0080-8432,001450
402-27-380980,004170
5490-9188,030000
44447146-187,248070
323188-497035,030200
58000010-73,285130
379-47-760474,052690
879-08-306270,195940
869-08-936273,298380
2184-9670,003670
2353-2411,357780
833–2848–8054-7,365340
27618643-069,002380
2079-8610,004020
281–0077–4181-9,307950
271-21-238996,298050
69940390-265,069960
55176786-814,316140
624–3845–7089-8,058470
647853-610545,001040
858-09-172815,002710
03572721-578,011200
413460-557980,001120
833–2848–8054-7,004020
0666-4982,357780
706-80-042454,377300
6065-7097,005300
93576216-65,028300
6886-2629,280360
738–5135–2434-7,003550
719385-894569,028050
14685876-823,036460
01097423-71,002710
21323484-639,065350
09157354-29,298020
8376-2813,001440
58000010-73,005930
898–1091–7068-2,007070
19897556-06,352820
49316297-836,000880
374–9320–7439-8,068270
02544489-24,026960
092-02-068244,001440
250-35-088431,081660
345826-708036,042670
467416-536245,081660
6960-4949,006400
9300-2542,003620
497-79-481818,028300
466-19-144958,278470
694-47-519343,015760
103–0770–3122-9,103140
6934-1139,120110
848–3158–5548-0,214450
033600-280125,023590
746673-394586,073240
0477-6997,000720
426–6012–2857-8,003090
611540-208606,328130
077–9419–7196-5,042670
70328436-601,402340
2353-2411,006260
40208998-91,095340
694-47-519343,282330
87110278-040,000720
990409-324535,042700
07890618-745,253450
355587-824737,051600
83903637-272,016360
2604-4821,032830
62153886-738,950160
590-33-232369,000210
1232-6001,003230
88964146-502,001570
018475-885599,005387
259080-837415,336370
06141965-589,016360
95266979-58,089860
797117-646248,395400
699–4097–2968-5,282330
1232-6001,277810
262–0920–6342-8,006260
3359-3792,101490
7977-4895,064760
6065-7097,073240
44887696-82,022100
491–3201–3217-7,003670
3709-6175,000210
09157354-29,006280
103–0770–3122-9,005290
863-96-651283,005830
94788506-61,009830
435-56-352463,034730
526–4982–0130-1,009420
500931-051536,068760
214154-622370,263750
163990-515643,090430
721-96-486275,248070
780-22-410359,012330
439-68-064927,010620
797–8832–6230-1,140410
06143721-099,281740
28320714-517,457190
691346-945441,005830
930-90-661065,096530
9271-2143,005850
9931-8374,007070
17038329-23,095340
489-72-229610,034230
49457929-351,058470
69736784-623,282330
435-56-352463,017800
425–8694–3837-3,018880
257–6075–8438-5,003550
456-19-145134,138040
56350641-15,214370
271-26-260768,014680
879-08-306270,377300
40208998-91,336260
55176786-814,029780
787357-133049,180640
413460-557980,078930
373282-117191,251270
33218844-38,029780
969963-624062,357780
122-20-939201,067310
5868-3191,440110
658–1202–9184-8,361610
83903637-272,096530
497-79-481818,067310
2802-9928,383220
60516966-46,012510
358-46-409260,103140
69109881-69,025900
68747522-196,009240
069-66-726397,139480
168-17-097458,051915
5086-8132,015760
44350100-96,015760
433191-625222,073240
235720-830758,010130
2731-2728,001450
209-55-320679,098460
32939048-531,006280
14909997-75,271560
427777-996243,185750
098176-925887,000990
724977-270793,271560
44350100-96,051900
618–3336–2937-3,032640
71890585-02,180640
41171877-80,006040
88020664-28,001120
46044137-197,028300
863-96-651283,108320
33218844-38,097950
2751-1171,280360
36779182-139,010140
658–1202–9184-8,010950
56350641-15,096530
406–0108–6271-3,036460
5993-7091,035420
707–5647–4984-8,028260
271-21-238996,097950
281-96-286019,008770
122-20-939201,000080
62380504-802,017800
26118039-624,034230
458-66-048596,096530
592900-925553,028050
018475-885599,029780
470042-302422,000400
948880-122494,000100
446-18-547257,323410
858328-177307,293490
379838-972893,180640
924425-126548,015760
439-68-064927,272210
93518844-893,145720
505–9870–6272-5,185750
974-06-379210,036830
869-08-936273,121600
889–9110–4068-9,051600
2534-3021,195940
797117-646248,139130
6784-3729,195870
61003609-076,001740
901–1073–0397-9,001450
647-97-272197,145020
602–3194–4722-4,005070
0363-0435,138930
0372-8394,454910
288-96-565351,002790
4293-3000,000660
4895-5581,018260
951-49-138188,005850
287694-006381,241560
4756-7903,003550
015-87-741911,138040
464934-390256,035760
582-07-993607,251270
234383-793053,017670
418–0611–3406-4,298050
841547-591835,024110
353322-860832,105560
9825-9471,001440
238959-979328,214370
30265088-30,042670
618–3336–2937-3,003230
122-20-939201,088980
9120-1673,457190
33218844-38,140860
22307609-44,009420
6545-3013,005935
06141965-589,294870
721-96-486275,006040
647853-610545,003550
095–0423–7275-8,004370
1372-3925,383220
7057-9657,005940
045–4306–5399-6,139130
07532321-168,000660
8666-5524,039490
025-70-234415,259960
110-23-630835,139130
4388-6506,039490
420085-661975,047810
69940390-265,067310
1787-6521,005935
65647747-78,024110
3434-1848,003090
015-37-868273,005380
1591-4147,003690
375–0690–9868-9,032640
19115633-608,253450
853–6154–3898-5,020150
205–5331–1785-9,024110
17038329-23,001440
07868173-591,105560
06495874-88,014680
505–9870–6272-5,007070
831334-983196,023530
83008780-767,002380
797117-646248,017800
103–0770–3122-9,086900
797–8832–6230-1,014820
100–2356–8600-7,004000
09533935-668,005300
781–3221–0927-8,161890
982313-924393,012450
8116-5787,000250
906-53-899499,006360
35324396-712,095340
775377-848582,298040
3595-1573,373220
04786625-909,047040
96447423-08,028300
7977-4895,078930
69940390-265,032640
06143721-099,034220
889–9110–4068-9,078930
624–3845–7089-8,028670
124281-326338,005290
77928677-030,222800
346–2511–0236-0,028260
30265088-30,058470
14599064-157,121600
943-44-271558,067310
72481549-32,005930
470042-302422,000150
542-24-809860,383220
271-21-238996,180640
27895971-919,008770
927-04-287479,088980
32527268-129,047050
26118039-624,000810
341–7669–0156-0,026960
55176786-814,003090
37336133-67,073240
17791390-285,028260
1541-8941,395400
547-96-990197,009830
76573514-730,361610
406–0108–6271-3,298380
9120-1673,010120
207–7617–5277-7,222800
35269426-743,001740
547-96-990197,377300
465–5873–5766-3,000080
5866-7914,018880
31843368-465,000080
500997-002208,008930
876011-745290,248070
17791390-285,065350
88964146-502,141080
8116-5787,277810
2604-4821,052690
194–0738–4208-9,011070
056–1027–4474-3,280360
932912-751043,138040
55176786-814,036460
978365-600759,035250
54986895-890,003670
26118039-624,298020
5988-3968,009420
974-62-643786,086280
22307609-44,051600
077–9419–7196-5,005420
38673885-38,006800
90300518-16,001570
8206-0953,014820
0343-4625,012750
045–4306–5399-6,440110
31224040-11,012510
906840-364420,035250
5283-5937,039030
922-83-065312,298050
09533935-668,298040
452–5072–0886-1,026960
85005738-24,000210
84014318-87,041510
852-18-831177,022100
975-04-776987,000270
3434-1848,010140
2075-4004,232140
119-35-022940,039130
44091270-21,068760
6145-7411,375500
7222-8217,271560
435-56-352463,383220
402-27-380980,030000
250–3976–7745-2,214370
69109881-69,120110
0477-6997,010620
423-57-633886,024110
032-06-523913,161890
869-08-936273,012450
06141965-589,139130
66983203-516,271560
546539-300908,012750
40208998-91,002380
86608602-410,009420
145013-092661,004020
544–1128–6222-4,096530
458-66-048596,030200
752–1267–4281-1,259960
345826-708036,018260
87110278-040,018670
804–2598–2677-6,000990
209-55-320679,004370
241-84-312030,078930
271608-274369,010060
848–3158–5548-0,353200
449-36-583547,010060
732–4973–2079-3,001040
658–1202–9184-8,000270
9750-2366,033780
986-27-660389,001040
3800-5619,393890
412-75-037169,112610
61377941-723,051900
471–9068–4432-2,006040
5744-0125,065350
838314-692137,031980
9226-8744,086790
32939048-531,042660
814275-443277,071050
4546-5316,009150
478-68-954915,281740
147-46-926332,196170
9750-2366,051915
31224040-11,098460
99553245-649,006400
645-58-015321,051900
858328-177307,139480
00144528-368,078600
814275-443277,002380
079-29-925009,005387
377-81-712364,145720
86608602-410,005930
044961-978299,105560
786-07-903519,000100
738–5135–2434-7,016360
975-04-776987,004170
100–2356–8600-7,000080
608005-007793,112610
65476837-13,005830
738–5135–2434-7,036540
04225914-63,067160
922-82-495713,353200
069-66-726397,180640
40641290-281,005385
402-27-380980,023530
9300-2542,196170
7101-6501,002380
25129677-595,009540
79825161-85,066970
1132-9572,138040
8022-8467,277810
341–7669–0156-0,375500
360–6880–0688-6,036830
55936753-07,178320
124042-011038,240810
119-35-022940,067160
06264867-86,004020
03355597-75,005490
207–7617–5277-7,028670
18296934-099,034020
941348-199285,047810
277–9206–3753-1,020150
21692830-23,000660
458-66-048596,011780
4878-8684,014680
63684092-64,002380
44350100-96,139480
1232-6001,035420
544–1128–6222-4,329180
079-29-925009,028260
09157354-29,166090
58000010-73,042670
44091270-21,036540
69940390-265,039030
45732095-476,272210
190–3600–1671-0,003670
92518861-536,138930
668-67-619272,267260
235720-830758,020150
58000010-73,032830
9652-7015,259960
092–1787–1106-3,352820
0666-4982,112610
379838-972893,003550
988718-074278,267260
74503954-279,348370
137-27-322415,000120
7977-4895,006360
655887-584850,316140
6960-4949,373220
88964146-502,373220
306-44-788899,096530
879–6537–3395-9,010140
358-46-409260,000990
6134-8260,003620
20264304-812,005830
10147790-77,047040
549791-477974,067310
139-64-075145,012510
608005-007793,007310
73343563-058,145020
9807-8795,326030
941348-199285,034230
33218844-38,298040
724977-270793,323410
655887-584850,086520
58000010-73,281740
957–3012–5720-7,051910
26118039-624,222800
9292-8478,006040
86608602-410,175330
9271-2143,002380
35951516-802,090430
565–9049–7951-6,247540
5490-9188,328130
887-57-043405,007310
8128-1453,008930
00594065-78,051900
124–0930–8448-4,348370
368880-820189,097950
4378-2795,007660
23906952-43,078600
58060623-55,051600
057177-785186,067310
42679703-53,105560
865–2221–8948-1,032830
08376139-511,011070
31843368-465,047040
380–3880–9627-6,112610
353322-860832,066570
3359-3792,009520
59859971-89,267260
84714210-94,005070
837-19-308128,009150
500931-051536,030000
45066823-188,032830
11065997-06,011170
07532321-168,237690
9931-8374,353200
467416-536245,137400
23906952-43,017800
2802-9928,175330
400806-738750,008770
383524-881209,128940
020311-496729,064350
351487-717069,003410
830646-493086,047920
4293-3000,298040
21233074-982,095340
86392216-60,005420
480-30-333809,003090
348-99-410115,010120
668-67-619272,078600
3540-4286,047050
724977-270793,336370
59859971-89,005387
2751-1171,237690
549791-477974,014680
19115633-608,039490
20264304-812,108320
124042-011038,012330
831334-983196,096770
695–8007–2025-2,457190
1787-6521,402340
480-30-333809,036460
22601010-07,042700
60035526-57,067160
109–3871–7361-3,036570
36030052-24,079550
17791390-285,005490
02373826-37,213420
213-03-283421,267260
60516966-46,004990
989–2611–3525-1,000150
100–2356–8600-7,285130
03572721-578,103140
68747522-196,009420
807–7413–4523-9,005385
18242596-303,282330
8128-1453,138040
420085-661975,241560
84753446-40,000810
863-96-651283,006280
2314-4394,298040
017-70-578764,001450
833–2848–8054-7,003410
8376-2813,000660
988718-074278,001720
35324396-712,071050
377-81-712364,196170
797117-646248,393890
615–6024–9493-4,247540
549791-477974,277810
898-11-715439,006110
95786655-89,015760
213-03-283421,005387
4008-2360,026960
695-93-559116,192820
947-27-757179,042670
941348-199285,039200
547-96-990197,051600
29460992-82,005387
0372-8394,180640
32939048-531,001040
29739358-897,023590
618–3336–2937-3,001740
23089154-83,047920
525-54-367003,035420
45066823-188,277810
4293-3000,004370
855961-203492,298380
93232136-295,006280
098425-572739,011200
467416-536245,253450
41283479-48,065350
470042-302422,137310
88020664-28,281740
09533935-668,023530
06275886-03,096770
6934-1139,078930
478-68-954915,018670
8378-1473,014820
91194168-046,028050
2075-4004,034220
2604-4821,041510
961–4121–8827-7,307950
2075-4004,047040
2559-3347,034730
23249341-35,214150
71890585-02,000210
46044137-197,012750
109–3871–7361-3,140860
858-09-172815,237690
07532321-168,011200
47646559-174,034230
213-03-283421,028260
47646559-174,024110
339494-950350,161390
164178-606887,058470
0372-8394,036460
046–3316–3135-9,336260
079-29-925009,012450
04786625-909,026960
974-62-643786,020150
421927-510305,012330
05014884-62,328130
4714-8806,011790
965–6909–4676-4,253450
212525-894683,088350
724977-270793,030000
078–4096–2542-7,402340
791-37-394070,012750
90542495-945,006260
418–0611–3406-4,005300
045058-734381,036830
974-06-379210,047920
997317-011669,007660
860677-355912,010140
416390-318912,005490
947-27-757179,039200
348-99-410115,375500
27177661-14,096770
078–4096–2542-7,005490
37563387-11,012330
250-35-088431,003550
6545-3013,259960
209-55-320679,271560
159007-322083,005385
380–6921–3279-7,086790
420085-661975,009970
4293-3000,204320
592900-925553,001120
99553245-649,383310
856-47-723955,012450
1787-6521,214370
50901884-154,029780
00594065-78,047050
14685876-823,036540
8116-5787,085620
59136542-261,098460
252-91-175889,011070
287694-006381,010140
02544489-24,098460
99686668-30,010130
88110639-254,004370
41171877-80,006400
033600-280125,003550
060–2912–8422-8,014680
541–3132–0225-2,006110
47646559-174,015760
5868-3191,105560
700–4796–6416-1,006260
3373-9477,004490
250-35-088431,267260
647-97-272197,088350
345826-708036,001570
435-56-352463,034220
88020664-28,195870
25633982-468,120110
416257-975923,051910
906840-364420,006040
71890585-02,278470
93672354-228,348370
205–5492–5385-3,004800
655887-584850,009540
17038329-23,028260
92917054-10,298040
03733449-05,024110
37616231-79,004020
49348855-95,140860
1153-4298,454910
402-27-380980,214150
095–0423–7275-8,214370
271-21-238996,352820
33160982-830,006110
852-18-831177,248070
957–3012–5720-7,098460
037–4299–3003-8,000150
00144528-368,089030
78445365-349,009830
83008780-767,403870
4387-5235,016360
9034-8909,108320
889–7440–6259-1,035720
07426759-71,026960
5060-7352,017800
435-56-352463,051600
833–2848–8054-7,005930
35967223-626,214370
65647747-78,138930
65647747-78,035760
765–1037–0720-9,006280
75524736-561,088350
306-44-788899,051600
459–9083–1949-7,030000
4833-0055,005380
271608-274369,029780
02544489-24,004490
500997-002208,084370
11929801-04,096530
2650-3802,064350
707-06-670577,035420
5877-8627,003670
624–3845–7089-8,011200
458-66-048596,089030
694-47-519343,207940
93518844-893,005385
18242596-303,047050
1372-3925,000990
81428145-58,006360
92917054-10,294870
505–9870–6272-5,352820
07829656-64,016360
32179418-056,003550
602–3194–4722-4,007070
751–0674–3749-3,032640
503-26-176979,140410
616–8850–1939-9,237690
163990-515643,005850
84714210-94,454910
436–4521–1695-4,377300
808–8199–9176-0,112610
767674-458974,069620
077–9419–7196-5,002710
379-47-760474,336260
341–7669–0156-0,161890
81604242-557,454910
8206-0953,018670
2731-2728,055550
21042763-309,000120
380–3880–9627-6,022100
11065997-06,000100
98806970-48,329180
2184-9670,259960
860677-355912,323410
9300-2542,293490
546–7271–9563-4,259960
858328-177307,006400
948880-122494,067160
989–2611–3525-1,003490
4546-5316,047050
5866-7914,204320
565010-766640,034230
276766-469489,395400
1787-6521,014680
65476837-13,051900
47646559-174,058470
69109881-69,285130
423-57-633886,095340
288-96-565351,023530
14599064-157,323410
11684466-25,003550
647-97-272197,023530
0080-8432,036930
400806-738750,175330
1400-3329,066970
797117-646248,017860
026-01-021802,005850
898–1091–7068-2,247540
758-10-961519,140860
015-37-868273,009830
6960-4949,006110
666–9916–0037-7,214370
6033-1280,036460
30265088-30,214450
72481549-32,039200
287–6687–6121-4,271560
76690231-791,271560
765–1037–0720-9,081660
99553245-649,307950
84753446-40,251270
0477-6997,034020
880-75-105745,011070
1591-4147,033780
032-06-523913,000240
1915-4293,003230
27618643-069,004370
271608-274369,039490
68747522-196,000990
1787-6521,005380
669–6108–3331-5,298050
9825-9471,348370
789-60-751229,068760
060900-438114,017670
27895971-919,047810
00144528-368,032640
2731-2728,005290
8022-8467,014820
092–1787–1106-3,002380
245094-921679,004020
237439-130647,030000
124281-326338,393890
556290-782177,088350
21762818-62,035760
044961-978299,282330
194358-544073,002710
562–8321–0989-3,253450
015-37-868273,032640
83903637-272,007310
1787-6521,365340
256835-098321,012330
836655-368046,000810
889–9110–4068-9,018670
17038329-23,018880
045–4306–5399-6,039030
5866-7914,030000
379838-972893,004170
60909497-805,329180
116-34-532628,028260
364223-020823,178320
65647747-78,012510
049–5923–0973-1,042700
31496684-203,035420
863-96-651283,035760
056–1027–4474-3,003550
005-14-498113,039030
11684466-25,316140
9120-1673,011170
797117-646248,263750
2353-2411,004800
1541-8941,010130
245094-921679,285130
03355597-75,450080
69109881-69,022100
402-27-380980,365340
33218844-38,403870
830646-493086,030000
06495874-88,112610
259080-837415,365550
81604242-557,251270
889–7440–6259-1,014680
145013-092661,086790
927-04-287479,086280
1132-9572,316140
42393350-99,006040
60909497-805,294870
3592-5373,112610
765–1037–0720-9,086520
389–0705–9923-8,067310
37563387-11,185750
018475-885599,326030
658–1202–9184-8,175330
831334-983196,140410
3976-5453,137310
669–6108–3331-5,352820
04225914-63,039490
500931-051536,010120
81604242-557,086520
6907-2128,036570
6907-2128,373220
3215-6393,068760
3359-3792,086280
500997-002208,352820
695–8007–2025-2,357780
33160982-830,010950
107982-561868,137400
915-22-424118,006280
84753446-40,028670
944–3598–2550-0,034020
93232136-295,008930
18356749-362,326030
10147790-77,051900
2731-2728,039030
25516338-81,088350
159007-322083,056190
374–9320–7439-8,393890
3359-3792,112610
6886-2629,004000
022–0704–3376-7,138040
97308216-723,361610
41863502-49,267260
439-68-064927,138930
190–3600–1671-0,004990
143531-214935,375500
3692-4297,357780
372-60-842991,259960
64729240-98,195940
6145-7411,011210
4293-3000,403870
44447146-187,298050
9807-8795,009420
083492-288398,195940
6784-3729,000240
001-63-550645,008930
8150-7704,298040
565010-766640,002710
58770203-51,120110
07890618-745,012750
461–1760–0555-9,035720
9931-8374,071050
23249341-35,051600
5993-7091,399720
840793-927913,240810
765–1037–0720-9,095340
2802-9928,281740
30265088-30,293490
855961-203492,069960
848–3158–5548-0,011200
72481549-32,145720
091516-456453,329180
66983203-516,011790
9667-9971,005935
386160-657670,010950
61550345-21,204320
831334-983196,108320
885–8277–3291-6,005385
449-36-583547,098460
7101-6501,402340
60909497-805,017670
375–0690–9868-9,375500
346–2511–0236-0,030000
457–1494–0267-6,009830
1232-6001,272210
781–3221–0927-8,185750
026-01-021802,033100
974-62-643786,003620
250-35-088431,009540
277-26-535094,016360
1400-3329,298380
748–1450–6538-8,004990
9807-8795,005930
889–9110–4068-9,108320
99546275-11,067310
21323484-639,035720
980–3119–6218-8,010950
88964146-502,139130
06141965-589,039030
7294-7868,192820
786-07-903519,011210
056–1027–4474-3,121600
276766-469489,086900
91763491-88,003550
658–1202–9184-8,302440
797–8832–6230-1,012510
789-60-751229,096770
374–9320–7439-8,055550
353322-860832,272210
184-36-446637,005290
24315858-488,008930
079-29-925009,064760
669–6108–3331-5,097950
270232-578103,078600
440–2737–3732-9,000990
029-41-556747,298040
436–4521–1695-4,082740
81999842-58,298380
53626823-930,032640
310–7609–5128-8,232140
001-63-550645,138040
47646559-174,139480
9300-2542,086520
446-18-547257,051600
65647747-78,021240
695-93-559116,010140
95266979-58,026960
11929801-04,011780
0080-8432,067630
749–4332–2027-8,096770
2379-0090,326030
885–8277–3291-6,035900
592900-925553,000720
935–1451–2545-4,010620
651639-225834,051910
9750-2366,028050
91631617-44,036830
53626823-930,008770
945365-763338,180640
37563387-11,003690
930-90-661065,222080
65476837-13,222800
452–5072–0886-1,248070
190–3600–1671-0,000660
90542495-945,015760
1232-6001,008930
947-27-757179,185750
3800-5619,009830
63684092-64,036460
948880-122494,005850
630-07-547492,086520
281-96-286019,010620
624–3845–7089-8,039490
8055-5195,326030
358-46-409260,005830
40208998-91,005300
11688193-96,302440
464934-390256,004000
780-22-410359,140860
346–2511–0236-0,011790
751–0674–3749-3,020150
58770203-51,028300
110-23-630835,108320
889–7440–6259-1,047040
906-53-899499,006400
709–2015–9478-2,214450
624–3845–7089-8,002790
287–6687–6121-4,237690
10147790-77,006280
476337-390580,014820
5354-7736,248070
371–0950–3262-3,000270
46044137-197,277810
780785-935960,006400
288-96-565351,010120
525-54-367003,316140
860677-355912,009240
079-29-925009,361610
89257143-34,005385
943-44-271558,000100
87110278-040,005850
44940276-692,399720
21762818-62,006400
28421296-17,000250
27177661-14,000990
898–1091–7068-2,267260
029-41-556747,004020
758-10-961519,064350
26638587-087,259960
64729240-98,393890
982313-924393,016360
752–1267–4281-1,096770
856-47-723955,267260
24315858-488,001440
858-09-172815,009540
5528-8893,139130
032-06-523913,068270
80667969-05,068760
11158880-932,399720
078–4096–2542-7,011780
7018-6962,079550
9292-8478,207940
2650-3802,278470
23906952-43,357780
44350100-96,316140
547-96-990197,000100
6523-2431,009970
55738339-248,005290
949–4477–3165-8,375500
592900-925553,086280
1838-6860,185750
787357-133049,204320
876011-745290,298020
440–2737–3732-9,035420
35278556-416,009520
848–3158–5548-0,078600
325–8883–1176-8,001120
400806-738750,026960
503-26-176979,015760
079-29-925009,010950
0363-0435,047920
350–8719–3147-6,086280
21323484-639,008770
36030052-24,000100
416390-318912,006800
29222309-57,000150
59859971-89,323410
458-66-048596,450080
721-96-486275,352820
9226-8744,034020
69907736-32,393890
465–5873–5766-3,047050
8666-5524,009830
350–8719–3147-6,042670
2534-3021,000100
032-06-523913,000120
3434-1848,001450
902586-179071,395400
7222-8217,457190
119-35-022940,010140
110–3582–8826-2,222800
8666-5524,067310
7018-6962,036930
44447146-187,145020
542-24-809860,039200
14322092-49,196170
88020664-28,047810
790–4243–4953-2,267250
9825-9471,073240
28068905-05,120110
2924-0909,003620
27618643-069,068760
060900-438114,004000
694-37-182774,000250
22307609-44,004800
3215-6393,088980
60035526-57,003090
80596785-262,066570
471–9068–4432-2,241560
41283479-48,004020
230302-025525,035420
160–1048–1429-2,066570
72481549-32,138930
360–6880–0688-6,017670
3373-9477,145020
230302-025525,018290
86753447-06,028300
779–7836–0102-1,006360
641-26-306904,298020
5993-7091,007660
0372-8394,002790
78529483-44,028670
84014318-87,005385
5993-7091,000240
62380504-802,248070
25820658-789,005290
8941-2601,185750
3976-5453,010140
60035526-57,247540
416227-994243,096530
541–3132–0225-2,004170
323188-497035,000150
83903637-272,161890
459–9083–1949-7,008770
18356749-362,042670
833–2848–8054-7,282330
2604-4821,000120
645-58-015321,240810
252-91-175889,294870
71890585-02,010950
794-23-035836,069960
31843368-465,034220
831-73-478157,041510
969963-624062,005070
077–9419–7196-5,007070
5877-8627,192820
831-73-478157,399720
43188995-715,042700
1147-7226,259960
17224984-14,034730
389–0705–9923-8,175330
355587-824737,240810
885–8277–3291-6,280360
4293-3000,103140
92917054-10,383220
9667-9971,278470
95112494-92,034220
111-73-976946,033100
22601010-07,003410
69109881-69,024110
4293-3000,055550
201–3630–0102-0,047810
944–3598–2550-0,352820
86532979-13,035760
4895-5581,010140
647853-610545,000270
45066823-188,034020
124–0930–8448-4,002790
53645403-00,214150
87110278-040,008930
22994316-00,096530
590-33-232369,082740
21027222-335,030200
02544489-24,271560
436–4521–1695-4,035250
35951516-802,065350
14599064-157,457190
033600-280125,237690
9271-2143,000080
1232-6001,005070
277-26-535094,336370
01167029-137,000120
601807-667632,161390
9034-8909,241560
5490-9188,145720
471–9068–4432-2,086520
532-21-090762,098460
07829656-64,000990
095–0151–9208-0,399720
628-84-219333,030200
721-96-486275,068270
86608602-410,018260
285-52-339020,023530
69736784-623,033780
281–0077–4181-9,065350
62441012-95,005935
056–1027–4474-3,004170
601807-667632,069620
55176786-814,009420
3359-3792,272210
431–8114–9252-1,180640
831-73-478157,004490
205–5492–5385-3,028260
244221-631765,004020
025-70-234415,005830
05014884-62,005380
641-26-306904,000240
0343-4625,026960
66983203-516,096770
748–1450–6538-8,003090
201–3630–0102-0,005070
21972261-77,036570
080-88-861218,105560
25820658-789,357780
082601-686328,004000
2751-1171,055550
190–3600–1671-0,259960
103–0770–3122-9,248070
645-58-015321,036830
611977-053922,078930
125-20-018452,000120
287694-006381,247540
315-75-909111,078600
84014318-87,003550
056–1027–4474-3,036460
2075-4004,079550
746673-394586,067310
06275886-03,086790
841547-591835,011070
80596785-262,096530
621673-673522,002710
091516-456453,035250
81428145-58,137310
8055-5195,214150
848–3158–5548-0,009540
6960-4949,383220
9652-7015,042700
5490-9188,036930
71890585-02,012750
632375-428679,373220
89257143-34,121600
29222309-57,267270
37875371-207,009970
55176786-814,030200
9195-4191,079550
9271-2143,042700
936939-993002,008770
73343563-058,204270
037–4299–3003-8,004490
5086-8132,000120
36779182-139,009150
156–9677–3386-0,329180
377-81-712364,004800
092–1787–1106-3,009540
077–9419–7196-5,098460
9652-7015,064760
90542495-945,010620
100–2356–8600-7,010620
17224984-14,302440
0654-8904,039130
32959455-992,399720
248–8062–6494-2,241560
4833-0055,282330
57703722-844,004170
1591-4147,121600
88964146-502,089030
86392216-60,138930
080-87-212275,096770
691346-945441,069620
608005-007793,222800
92518861-536,247540
889–9110–4068-9,058470
807–7413–4523-9,004020
341–7669–0156-0,139480
03572721-578,328130
639-88-974791,000240
37875371-207,095340
98806970-48,010130
241-84-312030,015760
470042-302422,036570
241-28-213672,140410
906840-364420,000150
352-63-044077,207940
163990-515643,084370
61003609-076,086520
465–5873–5766-3,051910
5086-8132,140860
05014884-62,047050
2534-3021,005420
3595-1573,328130
608005-007793,298050
29460992-82,056190
22994316-00,328130
748–1450–6538-8,002380
965–6909–4676-4,328130
42393350-99,034230
892–0797–0578-8,035900
31224040-11,336370
780-22-410359,323410
4293-3000,082740
252-91-175889,121600
546539-300908,282330
315-75-909111,336570
624–3845–7089-8,298040
029-41-556747,120110
9226-8744,090430
256835-098321,293490
64729240-98,036930
02850175-08,161890
194–0738–4208-9,067310
74595261-909,002380
2379-0090,007310
04084792-704,005830
03733449-05,214450
3540-4286,009970
988718-074278,120110
46044137-197,042660
21692830-23,010130
452–5072–0886-1,139480
901–1073–0397-9,034230
939851-951805,006280
2731-2728,086280
323188-497035,005850
20520613-673,298040
738–5135–2434-7,030200
647-97-272197,267250
380–6921–3279-7,067160
36030052-24,095340
50901884-154,009240
532-21-090762,005385
107982-561868,402340
86608602-410,001440
9750-2366,001450
353322-860832,298020
9034-8909,196170
6907-2128,139130
608005-007793,005420
603–1960–7103-1,121600
5877-8627,138040
21692830-23,096530
694-47-519343,002380
56842876-12,017670
81428145-58,000880
32939048-531,137400
611977-053922,014820
797–8832–6230-1,086520
8941-2601,006400
20805818-18,222800
649456-581888,140410
470042-302422,140860
38673885-38,281740
47646559-174,002380
06143721-099,001570
4833-0055,000100
930-90-661065,282330
841547-591835,373220
592900-925553,005830
5988-3968,213420
5086-8132,004170
88110639-254,357780
707–5647–4984-8,336370
2731-2728,281740
057177-785186,012330
58770203-51,034220
3434-1848,302440
78445365-349,282330
53645403-00,017860
080-87-212275,003230
906840-364420,000240
400806-738750,090430
5877-8627,166090
04225914-63,006800
544–1128–6222-4,161890
412-75-037169,307950
620-69-196475,007660
3215-6393,078930
110-23-630835,103590
383524-881209,006400
09533935-668,101490
549791-477974,090430
865–2221–8948-1,298050
841547-591835,002790
740–1165–2435-4,009830
13772543-60,024110
906-53-899499,028670
663-99-640333,000810
77104574-44,014680
270232-578103,000250
31224040-11,030000
3976-5453,028260
2075-4004,307950
69736784-623,071050
416227-994243,034730
833–2848–8054-7,090430
37563387-11,280360
82009831-07,032830
830646-493086,285130
724977-270793,000990
33218844-38,078930
001-63-550645,005850
60516966-46,068760
986-27-660389,006800
947-27-757179,454910
4997-7015,298020
116-34-532628,025900
64729240-98,078930
6960-4949,014680
838314-692137,298050
75524736-561,001720
35967223-626,032640
281–0077–4181-9,068760
122-20-939201,006400
405-79-113430,298380
2079-8610,139480
8941-2601,000810
230-71-279292,307950
2534-3021,185750
532-21-090762,161390
93672354-228,068760
400806-738750,005420
315752-290695,002380
110–3582–8826-2,039130
05607883-867,120110
122-20-939201,004490
31843368-465,003670
168–6643–1594-3,086520
763691-126050,028670
230302-025525,006280
55936753-07,008770
719385-894569,066570
53645403-00,001120
70325339-638,141080
906-53-899499,004800
77928677-030,298040
2751-1171,034730
09656286-41,024110
669–6108–3331-5,353200
6960-4949,329180
100–2356–8600-7,185750
939851-951805,316140
941348-199285,005387
602093-294947,086520
37259327-018,015760
9226-8744,137310
73343563-058,042700
700–7083–6061-5,047040
201–3630–0102-0,454910
602093-294947,141080
724-14-585025,000400
07829656-64,042670
30265088-30,036460
2751-1171,006800
758-10-961519,005490
700–4796–6416-1,137310
707–5647–4984-8,267250
080-87-212275,285130
602–3194–4722-4,004000
62153886-738,005930
939851-951805,141080
7018-6962,011210
07426759-71,000810
624-14-061950,352820
73122705-411,034230
231993-867199,237690
4756-7903,004020
8128-1453,006110
86392216-60,247540
758-10-961519,004000
044961-978299,001570
124042-011038,140860
42393350-99,417200
9750-2366,010950
73122705-411,005070
807–7413–4523-9,440110
4546-5316,090430
29739358-897,068270
26638587-087,035250
588535-764609,073240
1400-3329,259960
6934-1139,005070
307782-878880,010060
956-65-465028,005387
841547-591835,004170
80667969-05,450080
37616231-79,140410
471827-794898,020150
88020664-28,141080
7294-7868,069620
125-20-018452,298380
015-37-868273,293490
3592-5373,001570
21982667-352,024110
8206-0953,028670
6545-3013,285130
7328-8383,047050
27260469-950,009420
706-80-042454,069620
45066823-188,028670
077–9935–0175-1,278280
8378-1473,298020
35278556-416,000150
103–0770–3122-9,090430
270232-578103,285130
706-80-042454,005940
029-41-556747,009830
505–9870–6272-5,002790
749–4332–2027-8,006360
400806-738750,137310
80667969-05,017800
903827-599704,214370
095–0151–9208-0,005850
841547-591835,036460
927-04-287479,001570
5575-7467,051600
944–3598–2550-0,005300
647853-610545,009420
804–2598–2677-6,298050
145979-931421,051910
54512425-09,007660
446-18-547257,047050
461–1760–0555-9,066570
244–3731–9546-1,267270
77104574-44,357780
840793-927913,237690
478-68-954915,012510
098176-925887,051915
69109881-69,009970
9310-2574,145720
797–8832–6230-1,271560
235720-830758,005385
541–3132–0225-2,086900
045–4306–5399-6,022100
92917054-10,011780
582-07-993607,011780
8376-2813,055550
83008780-767,010130
72481549-32,036830
5720-1977,000880
6033-1280,008770
61550345-21,017860
35269426-743,348370
8150-7704,007310
98806970-48,105560
60909497-805,047050
4833-0055,251270
69907736-32,009150
374–9320–7439-8,032830
62380504-802,042660
287694-006381,139130
7057-9657,030200
76690231-791,035720
47646559-174,267260
3976-5453,033780
3359-3792,207940
5490-9188,039130
423-57-633886,140860
306-44-788899,067630
71890585-02,096530
040726-552086,028260
752–1267–4281-1,031980
691346-945441,051915
386160-657670,263750
107982-561868,005380
163990-515643,271560
740–1165–2435-4,009420
42393350-99,005940
389–0705–9923-8,058470
168–6643–1594-3,068270
92437310-57,005930
489-72-229610,001450
588535-764609,003550
1680-1632,011170
95112494-92,032830
401324-939797,005380
5086-8132,253450
471827-794898,000990
310–7609–5128-8,034230
1372-3925,003620
068554-764931,000660
55176786-814,085660
077–9935–0175-1,298040
250–3976–7745-2,003690
137-27-322415,086900
602093-294947,097950
544–1128–6222-4,003620
359-86-019653,042700
8128-1453,361610
21692830-23,034730
500997-002208,009240
457–1494–0267-6,051900
77928677-030,139130
285-52-339020,042700
5283-5937,161390
5866-7914,035250
797117-646248,108320
3976-5453,166090
37616231-79,128940
37336133-67,003230
095–0423–7275-8,105560
5988-3968,454910
21042763-309,096530
164178-606887,348370
2075-4004,098460
057177-785186,067630
092–1787–1106-3,336370
73122705-411,240810
2731-2728,140410
230-71-279292,003090
974-62-643786,067160
360–6880–0688-6,055550
4008-2360,095340
57453691-384,028260
27177661-14,095340
083492-288398,034230
960-17-231460,166090
353322-860832,112040
37563387-11,066970
098176-925887,098460
620-69-196475,000660
86753447-06,000990
7328-8383,005420
20520613-673,326030
02850175-08,002710
90300518-16,096530
948880-122494,353200
724977-270793,086280
145979-931421,000880
621673-673522,051915
69736784-623,353200
08376139-511,004020
887-57-043405,005070
724977-270793,051900
256835-098321,035760
467416-536245,031980
00594065-78,166090
09533935-668,277810
427777-996243,259960
005-14-498113,028670
62380504-802,001440
92437310-57,009520
196–3126–6137-6,039490
1061-1433,055550
287–6687–6121-4,032640
02544489-24,030000
00144528-368,010620
9807-8795,052690
6907-2128,035720
669–6108–3331-5,009540
079-29-925009,357780
14685876-823,020150
853–6154–3898-5,097950
26118039-624,323410
901–1073–0397-9,052690
2534-3021,021240
22307609-44,280360
91182812-209,036460
277–9206–3753-1,298050
14322092-49,065350
9931-8374,001450
08376139-511,009420
6065-7097,000990
740–1165–2435-4,051600
59859971-89,007310
7222-8217,001740
037–4299–3003-8,000660
07890618-745,067630
814275-443277,377300
400806-738750,214450
27177661-14,042660
863-96-651283,036540
6960-4949,012750
27260469-950,023530
24315858-488,009540
961–6628–4488-3,012750
04225914-63,010120
02373826-37,069960
3540-4286,010140
281–0077–4181-9,294870
49457929-351,023530
734–4005–2292-1,383220
3595-1573,066570
287694-006381,009240
7101-6501,377300
281-96-286019,141080
110–3582–8826-2,069620
406–0108–6271-3,047050
60693865-09,030200
721-96-486275,030000
1061-1433,323410
887-57-043405,006400
789-60-751229,229640
07532321-168,089030
457–1494–0267-6,240810
00144528-368,003490
7223-8822,240810
57703722-844,111770
13772543-60,298050
49316297-836,010950
015-37-868273,005850
0654-8904,196170
5601-4717,417200
287–6687–6121-4,003410
259517-428809,336260
26562164-466,028670
9216-9188,000100
13772543-60,316140
78445365-349,095340
611977-053922,145720
421927-510305,001570
05607883-867,055550
145–3254–9074-4,138930
04084792-704,293490
45732095-476,089860
544–1128–6222-4,240810
250–3976–7745-2,000810
9226-8744,010140
325–8883–1176-8,006260
836332-038054,028670
091516-456453,051600
6033-1280,047040
4756-7624,039490
899–4193–3690-5,145020
8480-7459,021240
879–6537–3395-9,393890
231993-867199,006800
348-99-410115,012510
478-68-954915,005385
015-37-868273,009970
647853-610545,302440
500931-051536,079550
4378-2795,395400
741–8841–6669-5,012750
787357-133049,263750
449-36-583547,329180
18356749-362,248070
0363-0435,010130
090560-973563,005935
5988-3968,004990
830646-493086,006360
412-75-037169,073240
35951516-802,017670
17224984-14,047040
29460992-82,001450
163990-515643,259960
41171877-80,373220
6065-7097,001740
6484-2736,064760
503-26-176979,010140
3709-6175,006040
630-07-547492,029780
0372-8394,035250
37336133-67,047040
8022-8467,253450
406–0108–6271-3,034220
8116-5787,316140
89726362-05,009830
699–4097–2968-5,348370
941348-199285,003090
91631617-44,267250
647853-610545,035250
379838-972893,039030
145979-931421,015760
11065997-06,145020
107982-561868,086900
81999842-58,005930
120-01-677685,009970
76573514-730,112040
056–1027–4474-3,000270
2314-4394,015760
856-47-723955,011780
588535-764609,029780
02544489-24,009240
59859971-89,017860
281-96-286019,307950
374–9320–7439-8,105560
9931-8374,030200
4997-7015,033780
375–0690–9868-9,005850
84014318-87,298040
31224040-11,096530
32527268-129,178320
6145-7411,267260
694-37-182774,000150
345826-708036,000270
156–9677–3386-0,086790
09157354-29,085660
542-24-809860,417200
373282-117191,010130
734–4005–2292-1,096770
001-63-550645,002380
79825161-85,009830
06141965-589,042660
707-06-670577,005850
826-09-513084,281740
2650-3802,031980
797117-646248,214450
05607883-867,328130
145013-092661,192820
36779182-139,078930
915-22-424118,036570
427777-996243,294870
858-09-172815,089030
339494-950350,000080
61377941-723,395400
4008-2360,166090
416390-318912,000990
546539-300908,000880
75524736-561,007310
077–9419–7196-5,140860
288-96-565351,229640
351487-717069,298020
9825-9471,064760
20520613-673,000720
6907-2128,003410
852-18-831177,145020
2559-3347,023590
68747522-196,006280
7101-6501,277810
666–9916–0037-7,196170
315752-290695,018880
95112494-92,090430
781–3221–0927-8,002380
556290-782177,096770
277–9206–3753-1,004800
6934-1139,139480
060–2912–8422-8,024110
271-21-238996,004020
6784-3729,271560
259080-837415,021240
3540-4286,161390
21762818-62,253450
6523-2431,373220
4388-6506,005380
87110278-040,028050
26562164-466,051915
8666-5524,000150
250–3976–7745-2,454910
31843368-465,003490
3536-3120,443060
628-84-219333,012330
941348-199285,002380
2314-4394,293490
831334-983196,067160
156–9677–3386-0,281740
253–0438–5223-1,003690
431–8114–9252-1,004170
869-08-936273,112610
1153-4298,096530
836655-368046,278470
2314-4394,058470
11929801-04,003670
471–9068–4432-2,121600
879-08-306270,068270
58770203-51,000100
526–4982–0130-1,001570
87110278-040,002790
3976-5453,064350
43188995-715,039030
5283-5937,373220
869-08-936273,034020
476337-390580,010140
471–9068–4432-2,352820
22601010-07,006280
58000010-73,253450
69109881-69,004490
814275-443277,047050
74672915-317,140860
405-79-113430,031980
2604-4821,004000
541-19-468083,282330
0626-2624,139480
11929801-04,047810
4008-2360,098460
840793-927913,420770
27177661-14,001040
015-87-741911,357780
547-96-990197,005850
36030052-24,005387
080-88-861218,251270
556290-782177,014680
235720-830758,145020
23249341-35,000400
797–8832–6230-1,004370
231993-867199,009150
32527268-129,012450
92917054-10,086280
40641290-281,018670
015-37-868273,033780
23906952-43,042660
03355597-75,039200
425–8694–3837-3,089590
069-66-726397,088980
60516966-46,012750
986-27-660389,009420
758-10-961519,111770
860677-355912,010130
876011-745290,088350
11158880-932,011200
69940390-265,112040
8022-8467,121600
3225-9937,004170
9216-9188,003490
32959455-992,036460
3434-1848,020150
7328-8383,041510
277-26-535094,450080
55176786-814,263750
271-21-238996,001120
357–9954–1972-4,008770
837-19-308128,399720
836655-368046,402340
114-54-676040,240810
336-39-353073,237690
379-47-760474,086900
21312073-427,009150
49801424-34,036930
740–1165–2435-4,006360
814275-443277,263750
06275886-03,207940
459–9083–1949-7,079550
69907736-32,005930
74672915-317,004170
96447423-08,316140
860677-355912,032640
839-23-828521,248070
791-37-394070,307950
164178-606887,950160
480-30-333809,000080
75524736-561,005930
0069-0207,139480
44887696-82,005935
0363-0435,357780
88020664-28,417200
464934-390256,025900
791-37-394070,112040
582-07-993607,000250
81999842-58,035250
505–9870–6272-5,001120
234383-793053,034020
190–3600–1671-0,298040
6934-1139,000660
3215-6393,140410
694-47-519343,214150
794-23-035836,000720
758-10-961519,302440
4546-5316,417200
28320714-517,051915
2604-4821,393890
9696-1417,011790
256835-098321,005385
405-79-113430,393890
345221-335934,009830
380–3880–9627-6,081660
5868-3191,005850
590-33-232369,196170
470042-302422,009540
869-08-936273,006280
095–0423–7275-8,248070
249-46-117445,383310
4293-3000,010620
794463-544498,006800
069-66-726397,285130
91182812-209,010950
032-06-523913,055550
838314-692137,069620
544-39-489513,066970
874–2803–6164-0,007070
645-58-015321,121600
350–8719–3147-6,003490
423-57-633886,065350
3709-6175,028670
11688193-96,103590
9667-9971,067310
26638587-087,175330
80596785-262,006280
32939048-531,008770
2353-2411,030000
989–2611–3525-1,005387
420085-661975,011790
7223-8822,035760
4843-8789,079550
07890618-745,007660
114-54-676040,454910
94912359-080,140860
374–9320–7439-8,011170
2314-4394,222800
237439-130647,079550
14599064-157,003230
163990-515643,010950
67063746-460,195940
549791-477974,316140
978365-600759,145720
503-26-176979,011070
2314-4394,090430
124281-326338,041510
420085-661975,069960
978365-600759,005940
807–7413–4523-9,022100
91763491-88,214150
630-07-547492,005300
056–1027–4474-3,088980
103–0770–3122-9,035900
026-01-021802,001120
982313-924393,140410
040726-552086,323410
0080-8432,267270
647853-610545,000250
2604-4821,055550
467416-536245,222080
4714-8806,011170
76573514-730,021240
80596785-262,145720
621673-673522,005387
930-90-661065,000810
7057-9657,375500
252-91-175889,000990
56842876-12,011780
775377-848582,024110
541–3132–0225-2,285130
06495874-88,247540
5490-9188,068270
11158880-932,056190
345826-708036,001450
943-44-271558,051915
306-44-788899,272210
880-75-105745,175330
412-75-037169,000660
1147-7226,105560
9750-2366,357780
497-79-481818,071050
2079-8610,004990
252-91-175889,035250
6907-2128,012750
68747522-196,138930
3800-5619,138930
09656286-41,005070
22307609-44,005385
147-46-926332,329180
159007-322083,005930
325–8883–1176-8,248070
06141965-589,207940
61003609-076,373220
18242596-303,383310
1147-7226,051600
353322-860832,003550
8206-0953,011070
02544489-24,014680
91631617-44,214370
235720-830758,002380
544-39-489513,002380
1132-9572,017670
44091270-21,004990
73122705-411,180640
621673-673522,065350
922-82-495713,015760
379-47-760474,009150
379-47-760474,000270
14322092-49,298380
116-34-532628,036930
700–7083–6061-5,036930
005-14-498113,161390
565010-766640,259960
341–7669–0156-0,000120
641-26-306904,348370
5354-7736,348370
25516338-81,079550
098176-925887,097950
25129677-595,001040
82755515-689,047810
09157354-29,001120
401324-939797,086790
374–9320–7439-8,005070
787–2064–1450-1,145720
47646559-174,294870
01097423-71,047040
252-91-175889,009150
110-23-630835,069620
04225914-63,120110
48315467-70,004000
83008780-767,024110
159007-322083,036930
03355597-75,086520
797–8832–6230-1,009240
27618643-069,079550
924425-126548,009830
35324396-712,105560
262–0920–6342-8,069960
03355597-75,192820
889–7440–6259-1,058470
244221-631765,128940
98806970-48,145720
201–3630–0102-0,267260
639-88-974791,011790
655887-584850,010130
80211459-64,095340
082601-686328,047050
098176-925887,000120
380–6921–3279-7,003550
49348855-95,051900
2751-1171,078930
930-90-661065,035900
33160982-830,010620
71890585-02,003620
5354-7736,000120
33218844-38,014820
860677-355912,047040
787357-133049,112610
616–8850–1939-9,047050
346–2511–0236-0,079550
779–7836–0102-1,052690
147-46-926332,017860
0654-8904,004370
35951516-802,214150
20805818-18,336260
1132-9572,267250
700–4796–6416-1,000120
21027222-335,214450
791-37-394070,098460
017-70-578764,185750
5993-7091,383220
827227-745190,329180
532-21-090762,030000
624–3845–7089-8,140410
1147-7226,078930
355–5187–7017-0,298020
19897556-06,047810
889–7440–6259-1,006040
145979-931421,035760
694-37-182774,011170
20805818-18,028050
037–4299–3003-8,088350
902586-179071,000720
35324396-712,020150
1132-9572,086900
836332-038054,084370
353322-860832,088350
8150-7704,058470
960-17-231460,036570
307782-878880,006110
377-81-712364,237690
09656286-41,000810
1591-4147,000720
615–6024–9493-4,036930
922-83-065312,204320
694-47-519343,030200
360–6880–0688-6,096770
48315467-70,214370
33160982-830,140410
47646559-174,361610
20805818-18,033780
855961-203492,161890
830646-493086,018260
961–6628–4488-3,034220
794463-544498,004000
48315467-70,377300
69907736-32,035420
262-31-023366,298050
06275886-03,280360
8941-2601,005935
732–4973–2079-3,195940
9807-8795,005940
100–2356–8600-7,066970
2079-8610,145020
74503954-279,047040
214154-622370,002790
55738339-248,051900
49695021-29,352820
21323484-639,003690
2731-2728,316140
927-04-287479,073240
42679703-53,237690
961–6628–4488-3,006260
628-84-219333,248070
246996-432360,121600
11065997-06,088350
706-80-042454,065350
869-08-936273,035760
025811-473905,073240
253–0438–5223-1,352820
244-35-325816,042670
616–8850–1939-9,006260
336-39-353073,011790
02373826-37,017800
10147790-77,298380
9750-2366,108320
092-02-068244,064760
00594065-78,012450
974-62-643786,259960
5528-8893,047050
147-46-926332,267250
59859971-89,112610
695–8007–2025-2,004990
8206-0953,012450
457–1494–0267-6,071050
44887696-82,402340
880-75-105745,195940
213-03-283421,248070
751–0674–3749-3,316140
1591-4147,067310
94912359-080,298040
56350641-15,003550
345221-335934,006260
095–0423–7275-8,298050
92518861-536,051600
420085-661975,214370
379838-972893,000250
120-01-677685,011200
161-57-895975,000250
974-62-643786,002380
05014884-62,003670
21027222-335,034020
8666-5524,047810
350–8719–3147-6,003690
53626823-930,207940
143531-214935,161390
88020664-28,028050
951-49-138188,302440
241-84-312030,257720
695-93-559116,032640
88964146-502,140410
32959455-992,056190
0303-9109,030000
358-46-409260,028260
14685876-823,052690
76573514-730,353200
253–0438–5223-1,307950
491–3201–3217-7,004020
139-64-075145,302440
89257143-34,008770
794-23-035836,105560
252-91-175889,010130
259080-837415,140860
81604242-557,120110
237439-130647,035420
60693865-09,047050
848–3158–5548-0,034220
8055-5195,137310
89257143-34,103140
898–1091–7068-2,285130
457–1494–0267-6,000810
350–8719–3147-6,001040
565–7440–0690-9,009830
630-07-547492,030000
787357-133049,047050
72481549-32,121600
86392216-60,365340
17791390-285,095340
5575-7467,128940
74672915-317,030000
256835-098321,028050
858328-177307,263750
400806-738750,066970
21027222-335,058470
092–1787–1106-3,034220
592900-925553,011210
194358-544073,121600
848–3158–5548-0,006260
18296934-099,214370
17791390-285,018260
21042763-309,005380
21027222-335,002710
59136542-261,140410
997–7686–9929-8,001040
65647747-78,055550
9682-5743,025900
08376139-511,039030
25129677-595,454910
026-01-021802,031980
3976-5453,035720
27618643-069,185750
124042-011038,008770
787–2064–1450-1,185750
359-86-019653,079550
440–2737–3732-9,138040
83903637-272,011070
336-39-353073,403870
244–3731–9546-1,068270
658–1202–9184-8,140860
81604242-557,000270
830646-493086,011170
9750-2366,014820
25633982-468,035900
6523-2431,078600
8022-8467,006110
3215-6393,010060
125-20-018452,034730
4387-5235,009970
1372-3925,005385
562–8321–0989-3,108320
07532321-168,026960
69736784-623,017800
270232-578103,161890
98806970-48,185750
40405218-76,021240
98225420-75,034230
624–3845–7089-8,035420
91182812-209,214150
423-57-633886,393890
848–3158–5548-0,020150
90300518-16,277810
830646-493086,003670
380–3880–9627-6,036460
98225420-75,005070
35967223-626,095340
060–2912–8422-8,138040
257–6075–8438-5,000880
288-96-565351,021240
695–8007–2025-2,000660
8378-1473,011070
88316447-41,003670
1400-3329,005930
262–0920–6342-8,377300
111-73-976946,011790
4714-8806,000240
8941-2601,029780
250-35-088431,248070
103–0770–3122-9,009540
285-52-339020,018670
986-27-660389,051900
21312073-427,051600
92518861-536,326030
61003609-076,298380
5528-8893,005420
99686668-30,000660
111-73-976946,000210
310–7609–5128-8,005385
900–4924–0452-8,348370
856-47-723955,006260
360–6880–0688-6,039030
423-57-633886,096530
669–6108–3331-5,085660
241-84-312030,039490
6907-2128,112610
077–9935–0175-1,034220
927-04-287479,353200
40208998-91,277810
869-08-936273,214450
92917054-10,001440
205–5492–5385-3,009420
48323716-20,161890
0654-8904,018880
2650-3802,011170
588535-764609,011790
751–0674–3749-3,008930
095–0423–7275-8,137310
345221-335934,137310
3595-1573,248070
2079-8610,259960
601807-667632,005380
7101-6501,039200
1147-7226,026960
439-68-064927,214150
190–2633–6205-0,011200
997317-011669,010130
364223-020823,282330
464934-390256,032830
719385-894569,090430
246996-432360,000270
23906952-43,139480
5158-1380,383310
8941-2601,036570
44940276-692,032640
3976-5453,096530
466-19-144958,316140
137-27-322415,035420
98806970-48,001440
808–8199–9176-0,018880
184-36-446637,004990
5744-0125,137310
26638587-087,000100
0080-8432,071050
250-35-088431,281740
906-53-899499,323410
79825161-85,015760
2075-4004,323410
76690231-791,285130
345826-708036,195940
780-22-410359,086790
961–6628–4488-3,014820
277-26-535094,047050
67378090-575,004370
1153-4298,086790
944–3598–2550-0,017800
346–2511–0236-0,003670
47646559-174,009150
961–4121–8827-7,006260
1787-6521,051915
93232136-295,008770
60516966-46,022100
4714-8806,298050
262–0920–6342-8,055550
75524736-561,000150
0363-0435,375500
86392216-60,034730
839-23-828521,001440
09157354-29,026960
405-79-113430,195940
4388-6506,000100
3434-1848,079550
205–5331–1785-9,082740
3434-1848,012330
060900-438114,003620
69940390-265,065350
603–1960–7103-1,064760
402-27-380980,138040
012–0415–7264-6,004170
163990-515643,000250
125-20-018452,035250
76690231-791,012330
21982667-352,141080
4378-2795,192080
752–1267–4281-1,000240
2353-2411,042700
58000010-73,001450
168-17-097458,105560
44887696-82,088980
80211459-64,293490
58770203-51,298020
416257-975923,263750
110-23-630835,003090
471827-794898,001570
37563387-11,294870
505–9870–6272-5,064760
77657991-31,025900
99546275-11,316140
961–4121–8827-7,140410
377-81-712364,012750
61377941-723,009420
67378090-575,017670
765–1037–0720-9,067310
6484-2736,036930
99683170-87,272210
374–9320–7439-8,272210
91631617-44,326030
478-68-954915,204320
81428145-58,000210
033600-280125,005380
205–5331–1785-9,018670
3215-6393,241560
65234069-61,095340
700–4796–6416-1,004370
07890618-745,010140
480-30-333809,248070
32527268-129,403870
01097423-71,443060
956-65-465028,067310
72481549-32,402340
53626823-930,009970
5868-3191,004370
941348-199285,000080
1132-9572,096770
015-87-741911,079550
526–4982–0130-1,237690
807–7413–4523-9,006040
797117-646248,021240
2731-2728,003090
270232-578103,024110
18242596-303,237690
082601-686328,034230
480-30-333809,051900
668-67-619272,307950
060900-438114,010060
418–0611–3406-4,086280
06141965-589,166090
21762818-62,017670
040726-552086,009830
628-84-219333,192820
466-45-509807,005940
611977-053922,008930
037–4299–3003-8,096770
748–1450–6538-8,377300
876011-745290,078600
4714-8806,028670
549791-477974,011200
67378090-575,065350
0654-8904,036460
3800-5619,005387
281-96-286019,402340
124281-326338,138040
85005738-24,005300
467416-536245,007660
669–6108–3331-5,003230
624-14-061950,365340
17038329-23,034220
2379-0090,000810
939851-951805,395400
137-27-322415,282330
2802-9928,036570
14394334-462,002710
72965249-39,298020
797–8832–6230-1,030200
620-69-196475,055550
143531-214935,009540
81604242-557,055550
32527268-129,115450
420085-661975,175330
456-19-145134,108320
848–3158–5548-0,047810
611977-053922,033100
285-52-339020,001740
238959-979328,000660
098425-572739,012330
190–3600–1671-0,007310
936939-993002,006040
032-06-523913,281740
33218844-38,086520
28320714-517,012450
60909497-805,001040
426–6012–2857-8,066970
630-07-547492,089030
06264867-86,035760
647-97-272197,251270
853–6154–3898-5,006110
0069-0207,121600
21027222-335,307950
732–4973–2079-3,263750
69736784-623,000720
24315858-488,042700
9825-9471,140410
84014318-87,011780
06264867-86,336260
691346-945441,001120
82755515-689,138930
44350100-96,031980
383524-881209,089030
8055-5195,298020
230-71-279292,267250
749–4332–2027-8,307950
049–5923–0973-1,006400
27260469-950,112610
9226-8744,030000
740–1165–2435-4,005070
7294-7868,032640
88020664-28,294870
022–0704–3376-7,086900
863-96-651283,051600
789-60-751229,336260
14322092-49,010120
45732095-476,026960
99683170-87,007070
8007-0722,375500
980–3119–6218-8,001570
